Time,SPACE1-1:CHICAGO_IL_USA ANNUAL HEATING 99% DESIGN CONDITIONS DB:Des Heat Load [W],SPACE1-1:CHICAGO_IL_USA ANNUAL COOLING 1% DESIGN CONDITIONS DB/MCWB:Des Sens Cool Load [W],SPACE1-1:CHICAGO_IL_USA ANNUAL HEATING 99% DESIGN CONDITIONS DB:Des Heat Mass Flow [kg/s],SPACE1-1:CHICAGO_IL_USA ANNUAL COOLING 1% DESIGN CONDITIONS DB/MCWB:Des Cool Mass Flow [kg/s],SPACE1-1::Des Latent Heat Load [W],SPACE1-1::Des Latent Cool Load [W],SPACE1-1::Des Latent Heat Mass Flow [kg/s],SPACE1-1::Des Latent Cool Mass Flow [kg/s],SPACE1-1::Des Heat Load No DOAS [W],SPACE1-1::Des Sens Cool Load No DOAS [W],SPACE1-1::Des Latent Heat Load No DOAS [W],SPACE1-1::Des Latent Cool Load No DOAS [W],SPACE1-1:CHICAGO_IL_USA ANNUAL HEATING 99% DESIGN CONDITIONS DB:Heating Zone Temperature [C],SPACE1-1:CHICAGO_IL_USA ANNUAL HEATING 99% DESIGN CONDITIONS DB:Heating Zone Relative Humidity [%],SPACE1-1:CHICAGO_IL_USA ANNUAL COOLING 1% DESIGN CONDITIONS DB/MCWB:Cooling Zone Temperature [C],SPACE1-1:CHICAGO_IL_USA ANNUAL COOLING 1% DESIGN CONDITIONS DB/MCWB:Cooling Zone Relative Humidity [%],SPACE2-1:CHICAGO_IL_USA ANNUAL HEATING 99% DESIGN CONDITIONS DB:Des Heat Load [W],SPACE2-1:CHICAGO_IL_USA ANNUAL COOLING 1% DESIGN CONDITIONS DB/MCWB:Des Sens Cool Load [W],SPACE2-1:CHICAGO_IL_USA ANNUAL HEATING 99% DESIGN CONDITIONS DB:Des Heat Mass Flow [kg/s],SPACE2-1:CHICAGO_IL_USA ANNUAL COOLING 1% DESIGN CONDITIONS DB/MCWB:Des Cool Mass Flow [kg/s],SPACE2-1::Des Latent Heat Load [W],SPACE2-1::Des Latent Cool Load [W],SPACE2-1::Des Latent Heat Mass Flow [kg/s],SPACE2-1::Des Latent Cool Mass Flow [kg/s],SPACE2-1::Des Heat Load No DOAS [W],SPACE2-1::Des Sens Cool Load No DOAS [W],SPACE2-1::Des Latent Heat Load No DOAS [W],SPACE2-1::Des Latent Cool Load No DOAS [W],SPACE2-1:CHICAGO_IL_USA ANNUAL HEATING 99% DESIGN CONDITIONS DB:Heating Zone Temperature [C],SPACE2-1:CHICAGO_IL_USA ANNUAL HEATING 99% DESIGN CONDITIONS DB:Heating Zone Relative Humidity [%],SPACE2-1:CHICAGO_IL_USA ANNUAL COOLING 1% DESIGN CONDITIONS DB/MCWB:Cooling Zone Temperature [C],SPACE2-1:CHICAGO_IL_USA ANNUAL COOLING 1% DESIGN CONDITIONS DB/MCWB:Cooling Zone Relative Humidity [%],SPACE3-1:CHICAGO_IL_USA ANNUAL HEATING 99% DESIGN CONDITIONS DB:Des Heat Load [W],SPACE3-1:CHICAGO_IL_USA ANNUAL COOLING 1% DESIGN CONDITIONS DB/MCWB:Des Sens Cool Load [W],SPACE3-1:CHICAGO_IL_USA ANNUAL HEATING 99% DESIGN CONDITIONS DB:Des Heat Mass Flow [kg/s],SPACE3-1:CHICAGO_IL_USA ANNUAL COOLING 1% DESIGN CONDITIONS DB/MCWB:Des Cool Mass Flow [kg/s],SPACE3-1::Des Latent Heat Load [W],SPACE3-1::Des Latent Cool Load [W],SPACE3-1::Des Latent Heat Mass Flow [kg/s],SPACE3-1::Des Latent Cool Mass Flow [kg/s],SPACE3-1::Des Heat Load No DOAS [W],SPACE3-1::Des Sens Cool Load No DOAS [W],SPACE3-1::Des Latent Heat Load No DOAS [W],SPACE3-1::Des Latent Cool Load No DOAS [W],SPACE3-1:CHICAGO_IL_USA ANNUAL HEATING 99% DESIGN CONDITIONS DB:Heating Zone Temperature [C],SPACE3-1:CHICAGO_IL_USA ANNUAL HEATING 99% DESIGN CONDITIONS DB:Heating Zone Relative Humidity [%],SPACE3-1:CHICAGO_IL_USA ANNUAL COOLING 1% DESIGN CONDITIONS DB/MCWB:Cooling Zone Temperature [C],SPACE3-1:CHICAGO_IL_USA ANNUAL COOLING 1% DESIGN CONDITIONS DB/MCWB:Cooling Zone Relative Humidity [%],SPACE4-1:CHICAGO_IL_USA ANNUAL HEATING 99% DESIGN CONDITIONS DB:Des Heat Load [W],SPACE4-1:CHICAGO_IL_USA ANNUAL COOLING 1% DESIGN CONDITIONS DB/MCWB:Des Sens Cool Load [W],SPACE4-1:CHICAGO_IL_USA ANNUAL HEATING 99% DESIGN CONDITIONS DB:Des Heat Mass Flow [kg/s],SPACE4-1:CHICAGO_IL_USA ANNUAL COOLING 1% DESIGN CONDITIONS DB/MCWB:Des Cool Mass Flow [kg/s],SPACE4-1::Des Latent Heat Load [W],SPACE4-1::Des Latent Cool Load [W],SPACE4-1::Des Latent Heat Mass Flow [kg/s],SPACE4-1::Des Latent Cool Mass Flow [kg/s],SPACE4-1::Des Heat Load No DOAS [W],SPACE4-1::Des Sens Cool Load No DOAS [W],SPACE4-1::Des Latent Heat Load No DOAS [W],SPACE4-1::Des Latent Cool Load No DOAS [W],SPACE4-1:CHICAGO_IL_USA ANNUAL HEATING 99% DESIGN CONDITIONS DB:Heating Zone Temperature [C],SPACE4-1:CHICAGO_IL_USA ANNUAL HEATING 99% DESIGN CONDITIONS DB:Heating Zone Relative Humidity [%],SPACE4-1:CHICAGO_IL_USA ANNUAL COOLING 1% DESIGN CONDITIONS DB/MCWB:Cooling Zone Temperature [C],SPACE4-1:CHICAGO_IL_USA ANNUAL COOLING 1% DESIGN CONDITIONS DB/MCWB:Cooling Zone Relative Humidity [%],SPACE5-1:CHICAGO_IL_USA ANNUAL HEATING 99% DESIGN CONDITIONS DB:Des Heat Load [W],SPACE5-1:CHICAGO_IL_USA ANNUAL COOLING 1% DESIGN CONDITIONS DB/MCWB:Des Sens Cool Load [W],SPACE5-1:CHICAGO_IL_USA ANNUAL HEATING 99% DESIGN CONDITIONS DB:Des Heat Mass Flow [kg/s],SPACE5-1:CHICAGO_IL_USA ANNUAL COOLING 1% DESIGN CONDITIONS DB/MCWB:Des Cool Mass Flow [kg/s],SPACE5-1::Des Latent Heat Load [W],SPACE5-1::Des Latent Cool Load [W],SPACE5-1::Des Latent Heat Mass Flow [kg/s],SPACE5-1::Des Latent Cool Mass Flow [kg/s],SPACE5-1::Des Heat Load No DOAS [W],SPACE5-1::Des Sens Cool Load No DOAS [W],SPACE5-1::Des Latent Heat Load No DOAS [W],SPACE5-1::Des Latent Cool Load No DOAS [W],SPACE5-1:CHICAGO_IL_USA ANNUAL HEATING 99% DESIGN CONDITIONS DB:Heating Zone Temperature [C],SPACE5-1:CHICAGO_IL_USA ANNUAL HEATING 99% DESIGN CONDITIONS DB:Heating Zone Relative Humidity [%],SPACE5-1:CHICAGO_IL_USA ANNUAL COOLING 1% DESIGN CONDITIONS DB/MCWB:Cooling Zone Temperature [C],SPACE5-1:CHICAGO_IL_USA ANNUAL COOLING 1% DESIGN CONDITIONS DB/MCWB:Cooling Zone Relative Humidity [%]
00:15:00,3.250978E+03,0.000000E+00,1.155181E-01,0.000000E+00,0.000000E+00,0.000000E+00,0.000000E+00,0.000000E+00,0.000000E+00,0.000000E+00,0.000000E+00,0.000000E+00,2.219871E+01,2.186579E+01,2.219557E+01,5.765061E+01,1.634754E+03,0.000000E+00,5.808895E-02,0.000000E+00,0.000000E+00,0.000000E+00,0.000000E+00,0.000000E+00,0.000000E+00,0.000000E+00,0.000000E+00,0.000000E+00,2.219902E+01,2.228161E+01,2.231896E+01,5.555938E+01,3.791384E+03,0.000000E+00,1.347218E-01,0.000000E+00,0.000000E+00,0.000000E+00,0.000000E+00,0.000000E+00,0.000000E+00,0.000000E+00,0.000000E+00,0.000000E+00,2.219896E+01,2.229999E+01,2.226650E+01,5.600573E+01,1.403027E+03,0.000000E+00,4.985439E-02,0.000000E+00,0.000000E+00,0.000000E+00,0.000000E+00,0.000000E+00,0.000000E+00,0.000000E+00,0.000000E+00,0.000000E+00,2.219879E+01,2.185456E+01,2.220059E+01,5.762582E+01,3.193455E+03,0.000000E+00,1.134750E-01,0.000000E+00,0.000000E+00,0.000000E+00,0.000000E+00,0.000000E+00,0.000000E+00,0.000000E+00,0.000000E+00,0.000000E+00,2.219890E+01,2.112131E+01,2.220299E+01,5.765312E+01
00:30:00,3.250978E+03,0.000000E+00,1.155181E-01,0.000000E+00,0.000000E+00,0.000000E+00,0.000000E+00,0.000000E+00,0.000000E+00,0.000000E+00,0.000000E+00,0.000000E+00,2.219871E+01,2.186579E+01,2.212039E+01,5.791824E+01,1.634754E+03,0.000000E+00,5.808895E-02,0.000000E+00,0.000000E+00,0.000000E+00,0.000000E+00,0.000000E+00,0.000000E+00,0.000000E+00,0.000000E+00,0.000000E+00,2.219902E+01,2.228161E+01,2.223938E+01,5.582915E+01,3.791384E+03,0.000000E+00,1.347218E-01,0.000000E+00,0.000000E+00,0.000000E+00,0.000000E+00,0.000000E+00,0.000000E+00,0.000000E+00,0.000000E+00,0.000000E+00,2.219896E+01,2.229999E+01,2.218684E+01,5.627804E+01,1.403027E+03,0.000000E+00,4.985439E-02,0.000000E+00,0.000000E+00,0.000000E+00,0.000000E+00,0.000000E+00,0.000000E+00,0.000000E+00,0.000000E+00,0.000000E+00,2.219879E+01,2.185456E+01,2.212416E+01,5.789951E+01,3.193455E+03,0.000000E+00,1.134750E-01,0.000000E+00,0.000000E+00,0.000000E+00,0.000000E+00,0.000000E+00,0.000000E+00,0.000000E+00,0.000000E+00,0.000000E+00,2.219890E+01,2.112131E+01,2.213635E+01,5.788467E+01
00:45:00,3.250978E+03,0.000000E+00,1.155181E-01,0.000000E+00,0.000000E+00,0.000000E+00,0.000000E+00,0.000000E+00,0.000000E+00,0.000000E+00,0.000000E+00,0.000000E+00,2.219871E+01,2.186579E+01,2.204911E+01,5.817283E+01,1.634754E+03,0.000000E+00,5.808895E-02,0.000000E+00,0.000000E+00,0.000000E+00,0.000000E+00,0.000000E+00,0.000000E+00,0.000000E+00,0.000000E+00,0.000000E+00,2.219902E+01,2.228161E+01,2.216326E+01,5.608855E+01,3.791384E+03,0.000000E+00,1.347218E-01,0.000000E+00,0.000000E+00,0.000000E+00,0.000000E+00,0.000000E+00,0.000000E+00,0.000000E+00,0.000000E+00,0.000000E+00,2.219896E+01,2.229999E+01,2.211077E+01,5.653949E+01,1.403027E+03,0.000000E+00,4.985439E-02,0.000000E+00,0.000000E+00,0.000000E+00,0.000000E+00,0.000000E+00,0.000000E+00,0.000000E+00,0.000000E+00,0.000000E+00,2.219879E+01,2.185456E+01,2.205192E+01,5.815873E+01,3.193455E+03,0.000000E+00,1.134750E-01,0.000000E+00,0.000000E+00,0.000000E+00,0.000000E+00,0.000000E+00,0.000000E+00,0.000000E+00,0.000000E+00,0.000000E+00,2.219890E+01,2.112131E+01,2.207306E+01,5.810602E+01
01:00:00,3.250978E+03,0.000000E+00,1.155181E-01,0.000000E+00,0.000000E+00,0.000000E+00,0.000000E+00,0.000000E+00,0.000000E+00,0.000000E+00,0.000000E+00,0.000000E+00,2.219871E+01,2.186579E+01,2.198113E+01,5.841645E+01,1.634754E+03,0.000000E+00,5.808895E-02,0.000000E+00,0.000000E+00,0.000000E+00,0.000000E+00,0.000000E+00,0.000000E+00,0.000000E+00,0.000000E+00,0.000000E+00,2.219902E+01,2.228161E+01,2.209021E+01,5.633880E+01,3.791384E+03,0.000000E+00,1.347218E-01,0.000000E+00,0.000000E+00,0.000000E+00,0.000000E+00,0.000000E+00,0.000000E+00,0.000000E+00,0.000000E+00,0.000000E+00,2.219896E+01,2.229999E+01,2.203779E+01,5.679158E+01,1.403027E+03,0.000000E+00,4.985439E-02,0.000000E+00,0.000000E+00,0.000000E+00,0.000000E+00,0.000000E+00,0.000000E+00,0.000000E+00,0.000000E+00,0.000000E+00,2.219879E+01,2.185456E+01,2.198330E+01,5.840558E+01,3.193455E+03,0.000000E+00,1.134750E-01,0.000000E+00,0.000000E+00,0.000000E+00,0.000000E+00,0.000000E+00,0.000000E+00,0.000000E+00,0.000000E+00,0.000000E+00,2.219890E+01,2.112131E+01,2.201287E+01,5.831779E+01
01:15:00,3.250978E+03,0.000000E+00,1.155181E-01,0.000000E+00,0.000000E+00,0.000000E+00,0.000000E+00,0.000000E+00,0.000000E+00,0.000000E+00,0.000000E+00,0.000000E+00,2.219871E+01,2.186579E+01,2.191596E+01,5.865073E+01,1.634754E+03,0.000000E+00,5.808895E-02,0.000000E+00,0.000000E+00,0.000000E+00,0.000000E+00,0.000000E+00,0.000000E+00,0.000000E+00,0.000000E+00,0.000000E+00,2.219902E+01,2.228161E+01,2.201992E+01,5.658077E+01,3.791384E+03,0.000000E+00,1.347218E-01,0.000000E+00,0.000000E+00,0.000000E+00,0.000000E+00,0.000000E+00,0.000000E+00,0.000000E+00,0.000000E+00,0.000000E+00,2.219896E+01,2.229999E+01,2.196755E+01,5.703544E+01,1.403027E+03,0.000000E+00,4.985439E-02,0.000000E+00,0.000000E+00,0.000000E+00,0.000000E+00,0.000000E+00,0.000000E+00,0.000000E+00,0.000000E+00,0.000000E+00,2.219879E+01,2.185456E+01,2.191781E+01,5.864173E+01,3.193455E+03,0.000000E+00,1.134750E-01,0.000000E+00,0.000000E+00,0.000000E+00,0.000000E+00,0.000000E+00,0.000000E+00,0.000000E+00,0.000000E+00,0.000000E+00,2.219890E+01,2.112131E+01,2.195554E+01,5.852061E+01
01:30:00,3.250978E+03,0.000000E+00,1.155181E-01,0.000000E+00,0.000000E+00,0.000000E+00,0.000000E+00,0.000000E+00,0.000000E+00,0.000000E+00,0.000000E+00,0.000000E+00,2.219871E+01,2.186579E+01,2.185506E+01,5.887043E+01,1.634754E+03,0.000000E+00,5.808895E-02,0.000000E+00,0.000000E+00,0.000000E+00,0.000000E+00,0.000000E+00,0.000000E+00,0.000000E+00,0.000000E+00,0.000000E+00,2.219902E+01,2.228161E+01,2.195350E+01,5.681050E+01,3.791384E+03,0.000000E+00,1.347218E-01,0.000000E+00,0.000000E+00,0.000000E+00,0.000000E+00,0.000000E+00,0.000000E+00,0.000000E+00,0.000000E+00,0.000000E+00,2.219896E+01,2.229999E+01,2.190144E+01,5.726600E+01,1.403027E+03,0.000000E+00,4.985439E-02,0.000000E+00,0.000000E+00,0.000000E+00,0.000000E+00,0.000000E+00,0.000000E+00,0.000000E+00,0.000000E+00,0.000000E+00,2.219879E+01,2.185456E+01,2.185644E+01,5.886362E+01,3.193455E+03,0.000000E+00,1.134750E-01,0.000000E+00,0.000000E+00,0.000000E+00,0.000000E+00,0.000000E+00,0.000000E+00,0.000000E+00,0.000000E+00,0.000000E+00,2.219890E+01,2.112131E+01,2.190097E+01,5.871467E+01
01:45:00,3.250978E+03,0.000000E+00,1.155181E-01,0.000000E+00,0.000000E+00,0.000000E+00,0.000000E+00,0.000000E+00,0.000000E+00,0.000000E+00,0.000000E+00,0.000000E+00,2.219871E+01,2.186579E+01,2.179798E+01,5.907700E+01,1.634754E+03,0.000000E+00,5.808895E-02,0.000000E+00,0.000000E+00,0.000000E+00,0.000000E+00,0.000000E+00,0.000000E+00,0.000000E+00,0.000000E+00,0.000000E+00,2.219902E+01,2.228161E+01,2.189052E+01,5.702929E+01,3.791384E+03,0.000000E+00,1.347218E-01,0.000000E+00,0.000000E+00,0.000000E+00,0.000000E+00,0.000000E+00,0.000000E+00,0.000000E+00,0.000000E+00,0.000000E+00,2.219896E+01,2.229999E+01,2.183896E+01,5.748491E+01,1.403027E+03,0.000000E+00,4.985439E-02,0.000000E+00,0.000000E+00,0.000000E+00,0.000000E+00,0.000000E+00,0.000000E+00,0.000000E+00,0.000000E+00,0.000000E+00,2.219879E+01,2.185456E+01,2.179876E+01,5.907277E+01,3.193455E+03,0.000000E+00,1.134750E-01,0.000000E+00,0.000000E+00,0.000000E+00,0.000000E+00,0.000000E+00,0.000000E+00,0.000000E+00,0.000000E+00,0.000000E+00,2.219890E+01,2.112131E+01,2.184904E+01,5.890019E+01
02:00:00,3.250978E+03,0.000000E+00,1.155181E-01,0.000000E+00,0.000000E+00,0.000000E+00,0.000000E+00,0.000000E+00,0.000000E+00,0.000000E+00,0.000000E+00,0.000000E+00,2.219871E+01,2.186579E+01,2.174379E+01,5.927371E+01,1.634754E+03,0.000000E+00,5.808895E-02,0.000000E+00,0.000000E+00,0.000000E+00,0.000000E+00,0.000000E+00,0.000000E+00,0.000000E+00,0.000000E+00,0.000000E+00,2.219902E+01,2.228161E+01,2.183032E+01,5.723929E+01,3.791384E+03,0.000000E+00,1.347218E-01,0.000000E+00,0.000000E+00,0.000000E+00,0.000000E+00,0.000000E+00,0.000000E+00,0.000000E+00,0.000000E+00,0.000000E+00,2.219896E+01,2.229999E+01,2.177942E+01,5.769435E+01,1.403027E+03,0.000000E+00,4.985439E-02,0.000000E+00,0.000000E+00,0.000000E+00,0.000000E+00,0.000000E+00,0.000000E+00,0.000000E+00,0.000000E+00,0.000000E+00,2.219879E+01,2.185456E+01,2.174402E+01,5.927180E+01,3.193455E+03,0.000000E+00,1.134750E-01,0.000000E+00,0.000000E+00,0.000000E+00,0.000000E+00,0.000000E+00,0.000000E+00,0.000000E+00,0.000000E+00,0.000000E+00,2.219890E+01,2.112131E+01,2.179961E+01,5.907754E+01
02:15:00,3.250978E+03,0.000000E+00,1.155181E-01,0.000000E+00,0.000000E+00,0.000000E+00,0.000000E+00,0.000000E+00,0.000000E+00,0.000000E+00,0.000000E+00,0.000000E+00,2.219871E+01,2.186579E+01,2.169192E+01,5.946257E+01,1.634754E+03,0.000000E+00,5.808895E-02,0.000000E+00,0.000000E+00,0.000000E+00,0.000000E+00,0.000000E+00,0.000000E+00,0.000000E+00,0.000000E+00,0.000000E+00,2.219902E+01,2.228161E+01,2.177260E+01,5.744150E+01,3.791384E+03,0.000000E+00,1.347218E-01,0.000000E+00,0.000000E+00,0.000000E+00,0.000000E+00,0.000000E+00,0.000000E+00,0.000000E+00,0.000000E+00,0.000000E+00,2.219896E+01,2.229999E+01,2.172236E+01,5.789589E+01,1.403027E+03,0.000000E+00,4.985439E-02,0.000000E+00,0.000000E+00,0.000000E+00,0.000000E+00,0.000000E+00,0.000000E+00,0.000000E+00,0.000000E+00,0.000000E+00,2.219879E+01,2.185456E+01,2.169177E+01,5.946228E+01,3.193455E+03,0.000000E+00,1.134750E-01,0.000000E+00,0.000000E+00,0.000000E+00,0.000000E+00,0.000000E+00,0.000000E+00,0.000000E+00,0.000000E+00,0.000000E+00,2.219890E+01,2.112131E+01,2.175252E+01,5.924718E+01
02:30:00,3.250978E+03,0.000000E+00,1.155181E-01,0.000000E+00,0.000000E+00,0.000000E+00,0.000000E+00,0.000000E+00,0.000000E+00,0.000000E+00,0.000000E+00,0.000000E+00,2.219871E+01,2.186579E+01,2.164282E+01,5.964186E+01,1.634754E+03,0.000000E+00,5.808895E-02,0.000000E+00,0.000000E+00,0.000000E+00,0.000000E+00,0.000000E+00,0.000000E+00,0.000000E+00,0.000000E+00,0.000000E+00,2.219902E+01,2.228161E+01,2.171772E+01,5.763450E+01,3.791384E+03,0.000000E+00,1.347218E-01,0.000000E+00,0.000000E+00,0.000000E+00,0.000000E+00,0.000000E+00,0.000000E+00,0.000000E+00,0.000000E+00,0.000000E+00,2.219896E+01,2.229999E+01,2.166820E+01,5.808792E+01,1.403027E+03,0.000000E+00,4.985439E-02,0.000000E+00,0.000000E+00,0.000000E+00,0.000000E+00,0.000000E+00,0.000000E+00,0.000000E+00,0.000000E+00,0.000000E+00,2.219879E+01,2.185456E+01,2.164230E+01,5.964312E+01,3.193455E+03,0.000000E+00,1.134750E-01,0.000000E+00,0.000000E+00,0.000000E+00,0.000000E+00,0.000000E+00,0.000000E+00,0.000000E+00,0.000000E+00,0.000000E+00,2.219890E+01,2.112131E+01,2.170764E+01,5.940949E+01
02:45:00,3.250978E+03,0.000000E+00,1.155181E-01,0.000000E+00,0.000000E+00,0.000000E+00,0.000000E+00,0.000000E+00,0.000000E+00,0.000000E+00,0.000000E+00,0.000000E+00,2.219871E+01,2.186579E+01,2.159643E+01,5.981173E+01,1.634754E+03,0.000000E+00,5.808895E-02,0.000000E+00,0.000000E+00,0.000000E+00,0.000000E+00,0.000000E+00,0.000000E+00,0.000000E+00,0.000000E+00,0.000000E+00,2.219902E+01,2.228161E+01,2.166557E+01,5.781853E+01,3.791384E+03,0.000000E+00,1.347218E-01,0.000000E+00,0.000000E+00,0.000000E+00,0.000000E+00,0.000000E+00,0.000000E+00,0.000000E+00,0.000000E+00,0.000000E+00,2.219896E+01,2.229999E+01,2.161685E+01,5.827064E+01,1.403027E+03,0.000000E+00,4.985439E-02,0.000000E+00,0.000000E+00,0.000000E+00,0.000000E+00,0.000000E+00,0.000000E+00,0.000000E+00,0.000000E+00,0.000000E+00,2.219879E+01,2.185456E+01,2.159551E+01,5.981463E+01,3.193455E+03,0.000000E+00,1.134750E-01,0.000000E+00,0.000000E+00,0.000000E+00,0.000000E+00,0.000000E+00,0.000000E+00,0.000000E+00,0.000000E+00,0.000000E+00,2.219890E+01,2.112131E+01,2.166485E+01,5.956475E+01
03:00:00,3.250978E+03,0.000000E+00,1.155181E-01,0.000000E+00,0.000000E+00,0.000000E+00,0.000000E+00,0.000000E+00,0.000000E+00,0.000000E+00,0.000000E+00,0.000000E+00,2.219871E+01,2.186579E+01,2.155235E+01,5.997360E+01,1.634754E+03,0.000000E+00,5.808895E-02,0.000000E+00,0.000000E+00,0.000000E+00,0.000000E+00,0.000000E+00,0.000000E+00,0.000000E+00,0.000000E+00,0.000000E+00,2.219902E+01,2.228161E+01,2.161585E+01,5.799465E+01,3.791384E+03,0.000000E+00,1.347218E-01,0.000000E+00,0.000000E+00,0.000000E+00,0.000000E+00,0.000000E+00,0.000000E+00,0.000000E+00,0.000000E+00,0.000000E+00,2.219896E+01,2.229999E+01,2.156794E+01,5.844530E+01,1.403027E+03,0.000000E+00,4.985439E-02,0.000000E+00,0.000000E+00,0.000000E+00,0.000000E+00,0.000000E+00,0.000000E+00,0.000000E+00,0.000000E+00,0.000000E+00,2.219879E+01,2.185456E+01,2.155105E+01,5.997802E+01,3.193455E+03,0.000000E+00,1.134750E-01,0.000000E+00,0.000000E+00,0.000000E+00,0.000000E+00,0.000000E+00,0.000000E+00,0.000000E+00,0.000000E+00,0.000000E+00,2.219890E+01,2.112131E+01,2.162406E+01,5.971327E+01
03:15:00,3.250978E+03,0.000000E+00,1.155181E-01,0.000000E+00,0.000000E+00,0.000000E+00,0.000000E+00,0.000000E+00,0.000000E+00,0.000000E+00,0.000000E+00,0.000000E+00,2.219871E+01,2.186579E+01,2.151022E+01,6.012873E+01,1.634754E+03,0.000000E+00,5.808895E-02,0.000000E+00,0.000000E+00,0.000000E+00,0.000000E+00,0.000000E+00,0.000000E+00,0.000000E+00,0.000000E+00,0.000000E+00,2.219902E+01,2.228161E+01,2.156829E+01,5.816366E+01,3.791384E+03,0.000000E+00,1.347218E-01,0.000000E+00,0.000000E+00,0.000000E+00,0.000000E+00,0.000000E+00,0.000000E+00,0.000000E+00,0.000000E+00,0.000000E+00,2.219896E+01,2.229999E+01,2.152116E+01,5.861292E+01,1.403027E+03,0.000000E+00,4.985439E-02,0.000000E+00,0.000000E+00,0.000000E+00,0.000000E+00,0.000000E+00,0.000000E+00,0.000000E+00,0.000000E+00,0.000000E+00,2.219879E+01,2.185456E+01,2.150862E+01,6.013432E+01,3.193455E+03,0.000000E+00,1.134750E-01,0.000000E+00,0.000000E+00,0.000000E+00,0.000000E+00,0.000000E+00,0.000000E+00,0.000000E+00,0.000000E+00,0.000000E+00,2.219890E+01,2.112131E+01,2.158514E+01,5.985540E+01
03:30:00,3.250978E+03,0.000000E+00,1.155181E-01,0.000000E+00,0.000000E+00,0.000000E+00,0.000000E+00,0.000000E+00,0.000000E+00,0.000000E+00,0.000000E+00,0.000000E+00,2.219871E+01,2.186579E+01,2.146983E+01,6.027783E+01,1.634754E+03,0.000000E+00,5.808895E-02,0.000000E+00,0.000000E+00,0.000000E+00,0.000000E+00,0.000000E+00,0.000000E+00,0.000000E+00,0.000000E+00,0.000000E+00,2.219902E+01,2.228161E+01,2.152275E+01,5.832603E+01,3.791384E+03,0.000000E+00,1.347218E-01,0.000000E+00,0.000000E+00,0.000000E+00,0.000000E+00,0.000000E+00,0.000000E+00,0.000000E+00,0.000000E+00,0.000000E+00,2.219896E+01,2.229999E+01,2.147632E+01,5.877407E+01,1.403027E+03,0.000000E+00,4.985439E-02,0.000000E+00,0.000000E+00,0.000000E+00,0.000000E+00,0.000000E+00,0.000000E+00,0.000000E+00,0.000000E+00,0.000000E+00,2.219879E+01,2.185456E+01,2.146805E+01,6.028418E+01,3.193455E+03,0.000000E+00,1.134750E-01,0.000000E+00,0.000000E+00,0.000000E+00,0.000000E+00,0.000000E+00,0.000000E+00,0.000000E+00,0.000000E+00,0.000000E+00,2.219890E+01,2.112131E+01,2.154798E+01,5.999150E+01
03:45:00,3.250978E+03,0.000000E+00,1.155181E-01,0.000000E+00,0.000000E+00,0.000000E+00,0.000000E+00,0.000000E+00,0.000000E+00,0.000000E+00,0.000000E+00,0.000000E+00,2.219871E+01,2.186579E+01,2.143105E+01,6.042135E+01,1.634754E+03,0.000000E+00,5.808895E-02,0.000000E+00,0.000000E+00,0.000000E+00,0.000000E+00,0.000000E+00,0.000000E+00,0.000000E+00,0.000000E+00,0.000000E+00,2.219902E+01,2.228161E+01,2.147910E+01,5.848214E+01,3.791384E+03,0.000000E+00,1.347218E-01,0.000000E+00,0.000000E+00,0.000000E+00,0.000000E+00,0.000000E+00,0.000000E+00,0.000000E+00,0.000000E+00,0.000000E+00,2.219896E+01,2.229999E+01,2.143329E+01,5.892917E+01,1.403027E+03,0.000000E+00,4.985439E-02,0.000000E+00,0.000000E+00,0.000000E+00,0.000000E+00,0.000000E+00,0.000000E+00,0.000000E+00,0.000000E+00,0.000000E+00,2.219879E+01,2.185456E+01,2.142918E+01,6.042809E+01,3.193455E+03,0.000000E+00,1.134750E-01,0.000000E+00,0.000000E+00,0.000000E+00,0.000000E+00,0.000000E+00,0.000000E+00,0.000000E+00,0.000000E+00,0.000000E+00,2.219890E+01,2.112131E+01,2.151246E+01,6.012195E+01
04:00:00,3.250978E+03,0.000000E+00,1.155181E-01,0.000000E+00,0.000000E+00,0.000000E+00,0.000000E+00,0.000000E+00,0.000000E+00,0.000000E+00,0.000000E+00,0.000000E+00,2.219871E+01,2.186579E+01,2.139386E+01,6.055932E+01,1.634754E+03,0.000000E+00,5.808895E-02,0.000000E+00,0.000000E+00,0.000000E+00,0.000000E+00,0.000000E+00,0.000000E+00,0.000000E+00,0.000000E+00,0.000000E+00,2.219902E+01,2.228161E+01,2.143730E+01,5.863205E+01,3.791384E+03,0.000000E+00,1.347218E-01,0.000000E+00,0.000000E+00,0.000000E+00,0.000000E+00,0.000000E+00,0.000000E+00,0.000000E+00,0.000000E+00,0.000000E+00,2.219896E+01,2.229999E+01,2.139205E+01,5.907828E+01,1.403027E+03,0.000000E+00,4.985439E-02,0.000000E+00,0.000000E+00,0.000000E+00,0.000000E+00,0.000000E+00,0.000000E+00,0.000000E+00,0.000000E+00,0.000000E+00,2.219879E+01,2.185456E+01,2.139201E+01,6.056606E+01,3.193455E+03,0.000000E+00,1.134750E-01,0.000000E+00,0.000000E+00,0.000000E+00,0.000000E+00,0.000000E+00,0.000000E+00,0.000000E+00,0.000000E+00,0.000000E+00,2.219890E+01,2.112131E+01,2.147857E+01,6.024672E+01
04:15:00,3.250978E+03,0.000000E+00,1.155181E-01,0.000000E+00,0.000000E+00,0.000000E+00,0.000000E+00,0.000000E+00,0.000000E+00,0.000000E+00,0.000000E+00,0.000000E+00,2.219871E+01,2.186579E+01,2.135809E+01,6.069233E+01,1.634754E+03,0.000000E+00,5.808895E-02,0.000000E+00,0.000000E+00,0.000000E+00,0.000000E+00,0.000000E+00,0.000000E+00,0.000000E+00,0.000000E+00,0.000000E+00,2.219902E+01,2.228161E+01,2.139717E+01,5.877639E+01,3.791384E+03,0.000000E+00,1.347218E-01,0.000000E+00,0.000000E+00,0.000000E+00,0.000000E+00,0.000000E+00,0.000000E+00,0.000000E+00,0.000000E+00,0.000000E+00,2.219896E+01,2.229999E+01,2.135240E+01,5.922203E+01,1.403027E+03,0.000000E+00,4.985439E-02,0.000000E+00,0.000000E+00,0.000000E+00,0.000000E+00,0.000000E+00,0.000000E+00,0.000000E+00,0.000000E+00,0.000000E+00,2.219879E+01,2.185456E+01,2.135632E+01,6.069880E+01,3.193455E+03,0.000000E+00,1.134750E-01,0.000000E+00,0.000000E+00,0.000000E+00,0.000000E+00,0.000000E+00,0.000000E+00,0.000000E+00,0.000000E+00,0.000000E+00,2.219890E+01,2.112131E+01,2.144616E+01,6.036636E+01
04:30:00,3.250978E+03,0.000000E+00,1.155181E-01,0.000000E+00,0.000000E+00,0.000000E+00,0.000000E+00,0.000000E+00,0.000000E+00,0.000000E+00,0.000000E+00,0.000000E+00,2.219871E+01,2.186579E+01,2.132427E+01,6.081836E+01,1.634754E+03,0.000000E+00,5.808895E-02,0.000000E+00,0.000000E+00,0.000000E+00,0.000000E+00,0.000000E+00,0.000000E+00,0.000000E+00,0.000000E+00,0.000000E+00,2.219902E+01,2.228161E+01,2.135905E+01,5.891388E+01,3.791384E+03,0.000000E+00,1.347218E-01,0.000000E+00,0.000000E+00,0.000000E+00,0.000000E+00,0.000000E+00,0.000000E+00,0.000000E+00,0.000000E+00,0.000000E+00,2.219896E+01,2.229999E+01,2.131481E+01,5.935865E+01,1.403027E+03,0.000000E+00,4.985439E-02,0.000000E+00,0.000000E+00,0.000000E+00,0.000000E+00,0.000000E+00,0.000000E+00,0.000000E+00,0.000000E+00,0.000000E+00,2.219879E+01,2.185456E+01,2.132247E+01,6.082500E+01,3.193455E+03,0.000000E+00,1.134750E-01,0.000000E+00,0.000000E+00,0.000000E+00,0.000000E+00,0.000000E+00,0.000000E+00,0.000000E+00,0.000000E+00,0.000000E+00,2.219890E+01,2.112131E+01,2.141513E+01,6.048116E+01
04:45:00,3.250978E+03,0.000000E+00,1.155181E-01,0.000000E+00,0.000000E+00,0.000000E+00,0.000000E+00,0.000000E+00,0.000000E+00,0.000000E+00,0.000000E+00,0.000000E+00,2.219871E+01,2.186579E+01,2.129237E+01,6.093752E+01,1.634754E+03,0.000000E+00,5.808895E-02,0.000000E+00,0.000000E+00,0.000000E+00,0.000000E+00,0.000000E+00,0.000000E+00,0.000000E+00,0.000000E+00,0.000000E+00,2.219902E+01,2.228161E+01,2.132285E+01,5.904477E+01,3.791384E+03,0.000000E+00,1.347218E-01,0.000000E+00,0.000000E+00,0.000000E+00,0.000000E+00,0.000000E+00,0.000000E+00,0.000000E+00,0.000000E+00,0.000000E+00,2.219896E+01,2.229999E+01,2.127924E+01,5.948831E+01,1.403027E+03,0.000000E+00,4.985439E-02,0.000000E+00,0.000000E+00,0.000000E+00,0.000000E+00,0.000000E+00,0.000000E+00,0.000000E+00,0.000000E+00,0.000000E+00,2.219879E+01,2.185456E+01,2.129041E+01,6.094479E+01,3.193455E+03,0.000000E+00,1.134750E-01,0.000000E+00,0.000000E+00,0.000000E+00,0.000000E+00,0.000000E+00,0.000000E+00,0.000000E+00,0.000000E+00,0.000000E+00,2.219890E+01,2.112131E+01,2.138544E+01,6.059123E+01
05:00:00,3.250978E+03,0.000000E+00,1.155181E-01,0.000000E+00,0.000000E+00,0.000000E+00,0.000000E+00,0.000000E+00,0.000000E+00,0.000000E+00,0.000000E+00,0.000000E+00,2.219871E+01,2.186579E+01,2.126203E+01,6.105108E+01,1.634754E+03,0.000000E+00,5.808895E-02,0.000000E+00,0.000000E+00,0.000000E+00,0.000000E+00,0.000000E+00,0.000000E+00,0.000000E+00,0.000000E+00,0.000000E+00,2.219902E+01,2.228161E+01,2.128831E+01,5.916996E+01,3.791384E+03,0.000000E+00,1.347218E-01,0.000000E+00,0.000000E+00,0.000000E+00,0.000000E+00,0.000000E+00,0.000000E+00,0.000000E+00,0.000000E+00,0.000000E+00,2.219896E+01,2.229999E+01,2.124534E+01,5.961215E+01,1.403027E+03,0.000000E+00,4.985439E-02,0.000000E+00,0.000000E+00,0.000000E+00,0.000000E+00,0.000000E+00,0.000000E+00,0.000000E+00,0.000000E+00,0.000000E+00,2.219879E+01,2.185456E+01,2.125986E+01,6.105913E+01,3.193455E+03,0.000000E+00,1.134750E-01,0.000000E+00,0.000000E+00,0.000000E+00,0.000000E+00,0.000000E+00,0.000000E+00,0.000000E+00,0.000000E+00,0.000000E+00,2.219890E+01,2.112131E+01,2.135706E+01,6.069667E+01
05:15:00,3.250978E+03,0.000000E+00,1.155181E-01,0.000000E+00,0.000000E+00,0.000000E+00,0.000000E+00,0.000000E+00,0.000000E+00,0.000000E+00,0.000000E+00,0.000000E+00,2.219871E+01,2.186579E+01,2.123297E+01,6.116007E+01,1.634754E+03,0.000000E+00,5.808895E-02,0.000000E+00,0.000000E+00,0.000000E+00,0.000000E+00,0.000000E+00,0.000000E+00,0.000000E+00,0.000000E+00,0.000000E+00,2.219902E+01,2.228161E+01,2.125524E+01,5.929011E+01,3.791384E+03,0.000000E+00,1.347218E-01,0.000000E+00,0.000000E+00,0.000000E+00,0.000000E+00,0.000000E+00,0.000000E+00,0.000000E+00,0.000000E+00,0.000000E+00,2.219896E+01,2.229999E+01,2.121287E+01,5.973100E+01,1.403027E+03,0.000000E+00,4.985439E-02,0.000000E+00,0.000000E+00,0.000000E+00,0.000000E+00,0.000000E+00,0.000000E+00,0.000000E+00,0.000000E+00,0.000000E+00,2.219879E+01,2.185456E+01,2.123064E+01,6.116876E+01,3.193455E+03,0.000000E+00,1.134750E-01,0.000000E+00,0.000000E+00,0.000000E+00,0.000000E+00,0.000000E+00,0.000000E+00,0.000000E+00,0.000000E+00,0.000000E+00,2.219890E+01,2.112131E+01,2.132993E+01,6.079767E+01
05:30:00,3.250978E+03,0.000000E+00,1.155181E-01,0.000000E+00,0.000000E+00,0.000000E+00,0.000000E+00,0.000000E+00,0.000000E+00,0.000000E+00,0.000000E+00,0.000000E+00,2.219871E+01,2.186579E+01,2.120755E+01,6.125558E+01,1.634754E+03,0.000000E+00,5.808895E-02,0.000000E+00,0.000000E+00,0.000000E+00,0.000000E+00,0.000000E+00,0.000000E+00,0.000000E+00,0.000000E+00,0.000000E+00,2.219902E+01,2.228161E+01,2.122539E+01,5.939882E+01,3.791384E+03,0.000000E+00,1.347218E-01,0.000000E+00,0.000000E+00,0.000000E+00,0.000000E+00,0.000000E+00,0.000000E+00,0.000000E+00,0.000000E+00,0.000000E+00,2.219896E+01,2.229999E+01,2.118408E+01,5.983667E+01,1.403027E+03,0.000000E+00,4.985439E-02,0.000000E+00,0.000000E+00,0.000000E+00,0.000000E+00,0.000000E+00,0.000000E+00,0.000000E+00,0.000000E+00,0.000000E+00,2.219879E+01,2.185456E+01,2.120446E+01,6.126715E+01,3.193455E+03,0.000000E+00,1.134750E-01,0.000000E+00,0.000000E+00,0.000000E+00,0.000000E+00,0.000000E+00,0.000000E+00,0.000000E+00,0.000000E+00,0.000000E+00,2.219890E+01,2.112131E+01,2.130416E+01,6.089380E+01
05:45:00,3.250978E+03,0.000000E+00,1.155181E-01,0.000000E+00,0.000000E+00,0.000000E+00,0.000000E+00,0.000000E+00,0.000000E+00,0.000000E+00,0.000000E+00,0.000000E+00,2.219871E+01,2.186579E+01,2.118614E+01,6.133615E+01,1.634754E+03,0.000000E+00,5.808895E-02,0.000000E+00,0.000000E+00,0.000000E+00,0.000000E+00,0.000000E+00,0.000000E+00,0.000000E+00,0.000000E+00,0.000000E+00,2.219902E+01,2.228161E+01,2.119879E+01,5.949583E+01,3.791384E+03,0.000000E+00,1.347218E-01,0.000000E+00,0.000000E+00,0.000000E+00,0.000000E+00,0.000000E+00,0.000000E+00,0.000000E+00,0.000000E+00,0.000000E+00,2.219896E+01,2.229999E+01,2.115918E+01,5.992819E+01,1.403027E+03,0.000000E+00,4.985439E-02,0.000000E+00,0.000000E+00,0.000000E+00,0.000000E+00,0.000000E+00,0.000000E+00,0.000000E+00,0.000000E+00,0.000000E+00,2.219879E+01,2.185456E+01,2.118151E+01,6.135353E+01,3.193455E+03,0.000000E+00,1.134750E-01,0.000000E+00,0.000000E+00,0.000000E+00,0.000000E+00,0.000000E+00,0.000000E+00,0.000000E+00,0.000000E+00,0.000000E+00,2.219890E+01,2.112131E+01,2.127988E+01,6.098452E+01
06:00:00,3.250978E+03,0.000000E+00,1.155181E-01,0.000000E+00,0.000000E+00,0.000000E+00,0.000000E+00,0.000000E+00,0.000000E+00,0.000000E+00,0.000000E+00,0.000000E+00,2.219871E+01,2.186579E+01,2.116793E+01,6.140474E+01,1.634754E+03,0.000000E+00,5.808895E-02,0.000000E+00,0.000000E+00,0.000000E+00,0.000000E+00,0.000000E+00,0.000000E+00,0.000000E+00,0.000000E+00,0.000000E+00,2.219902E+01,2.228161E+01,2.117481E+01,5.958349E+01,3.791384E+03,0.000000E+00,1.347218E-01,0.000000E+00,0.000000E+00,0.000000E+00,0.000000E+00,0.000000E+00,0.000000E+00,0.000000E+00,0.000000E+00,0.000000E+00,2.219896E+01,2.229999E+01,2.113749E+01,6.000806E+01,1.403027E+03,0.000000E+00,4.985439E-02,0.000000E+00,0.000000E+00,0.000000E+00,0.000000E+00,0.000000E+00,0.000000E+00,0.000000E+00,0.000000E+00,0.000000E+00,2.219879E+01,2.185456E+01,2.116146E+01,6.142913E+01,3.193455E+03,0.000000E+00,1.134750E-01,0.000000E+00,0.000000E+00,0.000000E+00,0.000000E+00,0.000000E+00,0.000000E+00,0.000000E+00,0.000000E+00,0.000000E+00,2.219890E+01,2.112131E+01,2.125719E+01,6.106946E+01
06:15:00,3.250978E+03,0.000000E+00,1.155181E-01,0.000000E+00,0.000000E+00,0.000000E+00,0.000000E+00,0.000000E+00,0.000000E+00,0.000000E+00,0.000000E+00,0.000000E+00,2.219871E+01,2.186579E+01,2.116065E+01,6.143220E+01,1.634754E+03,0.000000E+00,5.808895E-02,0.000000E+00,0.000000E+00,0.000000E+00,0.000000E+00,0.000000E+00,0.000000E+00,0.000000E+00,0.000000E+00,0.000000E+00,2.219902E+01,2.228161E+01,2.133960E+01,5.898419E+01,3.791384E+03,0.000000E+00,1.347218E-01,0.000000E+00,0.000000E+00,0.000000E+00,0.000000E+00,0.000000E+00,0.000000E+00,0.000000E+00,0.000000E+00,0.000000E+00,2.219896E+01,2.229999E+01,2.135603E+01,5.920884E+01,1.403027E+03,0.000000E+00,4.985439E-02,0.000000E+00,0.000000E+00,0.000000E+00,0.000000E+00,0.000000E+00,0.000000E+00,0.000000E+00,0.000000E+00,0.000000E+00,2.219879E+01,2.185456E+01,2.115272E+01,6.146212E+01,3.193455E+03,0.000000E+00,1.134750E-01,0.000000E+00,0.000000E+00,0.000000E+00,0.000000E+00,0.000000E+00,0.000000E+00,0.000000E+00,0.000000E+00,0.000000E+00,2.219890E+01,2.112131E+01,2.123924E+01,6.113671E+01
06:30:00,3.250978E+03,0.000000E+00,1.155181E-01,0.000000E+00,0.000000E+00,0.000000E+00,0.000000E+00,0.000000E+00,0.000000E+00,0.000000E+00,0.000000E+00,0.000000E+00,2.219871E+01,2.186579E+01,2.118900E+01,6.132541E+01,1.634754E+03,0.000000E+00,5.808895E-02,0.000000E+00,0.000000E+00,0.000000E+00,0.000000E+00,0.000000E+00,0.000000E+00,0.000000E+00,0.000000E+00,0.000000E+00,2.219902E+01,2.228161E+01,2.179450E+01,5.736469E+01,3.791384E+03,0.000000E+00,1.347218E-01,0.000000E+00,0.000000E+00,0.000000E+00,0.000000E+00,0.000000E+00,0.000000E+00,0.000000E+00,0.000000E+00,0.000000E+00,2.219896E+01,2.229999E+01,2.190467E+01,5.725474E+01,1.403027E+03,0.000000E+00,4.985439E-02,0.000000E+00,0.000000E+00,0.000000E+00,0.000000E+00,0.000000E+00,0.000000E+00,0.000000E+00,0.000000E+00,0.000000E+00,2.219879E+01,2.185456E+01,2.118208E+01,6.135147E+01,3.193455E+03,0.000000E+00,1.134750E-01,0.000000E+00,0.000000E+00,0.000000E+00,0.000000E+00,0.000000E+00,0.000000E+00,0.000000E+00,0.000000E+00,0.000000E+00,2.219890E+01,2.112131E+01,2.125128E+01,6.109158E+01
06:45:00,3.250978E+03,0.000000E+00,1.155181E-01,0.000000E+00,0.000000E+00,0.000000E+00,0.000000E+00,0.000000E+00,0.000000E+00,0.000000E+00,0.000000E+00,0.000000E+00,2.219871E+01,2.186579E+01,2.124663E+01,6.110893E+01,1.634754E+03,0.000000E+00,5.808895E-02,0.000000E+00,0.000000E+00,0.000000E+00,0.000000E+00,0.000000E+00,0.000000E+00,0.000000E+00,0.000000E+00,0.000000E+00,2.219902E+01,2.228161E+01,2.239778E+01,5.529364E+01,3.791384E+03,0.000000E+00,1.347218E-01,0.000000E+00,0.000000E+00,0.000000E+00,0.000000E+00,0.000000E+00,0.000000E+00,0.000000E+00,0.000000E+00,0.000000E+00,2.219896E+01,2.229999E+01,2.259962E+01,5.488289E+01,1.403027E+03,0.000000E+00,4.985439E-02,0.000000E+00,0.000000E+00,0.000000E+00,0.000000E+00,0.000000E+00,0.000000E+00,0.000000E+00,0.000000E+00,0.000000E+00,2.219879E+01,2.185456E+01,2.124269E+01,6.112370E+01,3.193455E+03,0.000000E+00,1.134750E-01,0.000000E+00,0.000000E+00,0.000000E+00,0.000000E+00,0.000000E+00,0.000000E+00,0.000000E+00,0.000000E+00,0.000000E+00,2.219890E+01,2.112131E+01,2.129439E+01,6.093024E+01
07:00:00,3.250978E+03,0.000000E+00,1.155181E-01,0.000000E+00,0.000000E+00,0.000000E+00,0.000000E+00,0.000000E+00,0.000000E+00,0.000000E+00,0.000000E+00,0.000000E+00,2.219871E+01,2.186579E+01,2.132279E+01,6.082413E+01,1.634754E+03,0.000000E+00,5.808895E-02,0.000000E+00,0.000000E+00,0.000000E+00,0.000000E+00,0.000000E+00,0.000000E+00,0.000000E+00,0.000000E+00,0.000000E+00,2.219902E+01,2.228161E+01,2.305012E+01,5.314834E+01,3.791384E+03,0.000000E+00,1.347218E-01,0.000000E+00,0.000000E+00,0.000000E+00,0.000000E+00,0.000000E+00,0.000000E+00,0.000000E+00,0.000000E+00,0.000000E+00,2.219896E+01,2.229999E+01,2.329155E+01,5.263077E+01,1.403027E+03,0.000000E+00,4.985439E-02,0.000000E+00,0.000000E+00,0.000000E+00,0.000000E+00,0.000000E+00,0.000000E+00,0.000000E+00,0.000000E+00,0.000000E+00,2.219879E+01,2.185456E+01,2.132463E+01,6.081729E+01,3.193455E+03,0.000000E+00,1.134750E-01,0.000000E+00,0.000000E+00,0.000000E+00,0.000000E+00,0.000000E+00,0.000000E+00,0.000000E+00,0.000000E+00,0.000000E+00,2.219890E+01,2.112131E+01,2.136477E+01,6.066787E+01
07:15:00,3.250978E+03,0.000000E+00,1.155181E-01,0.000000E+00,0.000000E+00,0.000000E+00,0.000000E+00,0.000000E+00,0.000000E+00,0.000000E+00,0.000000E+00,0.000000E+00,2.219871E+01,2.186579E+01,2.139121E+01,6.056957E+01,1.634754E+03,2.506897E+01,5.808895E-02,2.503014E-03,0.000000E+00,0.000000E+00,0.000000E+00,0.000000E+00,0.000000E+00,0.000000E+00,0.000000E+00,0.000000E+00,2.219902E+01,2.228161E+01,2.356714E+01,5.151458E+01,3.791384E+03,9.368454E+01,1.347218E-01,9.347967E-03,0.000000E+00,0.000000E+00,0.000000E+00,0.000000E+00,0.000000E+00,0.000000E+00,0.000000E+00,0.000000E+00,2.219896E+01,2.229999E+01,2.373569E+01,5.121237E+01,1.403027E+03,0.000000E+00,4.985439E-02,0.000000E+00,0.000000E+00,0.000000E+00,0.000000E+00,0.000000E+00,0.000000E+00,0.000000E+00,0.000000E+00,0.000000E+00,2.219879E+01,2.185456E+01,2.139900E+01,6.054068E+01,3.193455E+03,0.000000E+00,1.134750E-01,0.000000E+00,0.000000E+00,0.000000E+00,0.000000E+00,0.000000E+00,0.000000E+00,0.000000E+00,0.000000E+00,0.000000E+00,2.219890E+01,2.112131E+01,2.143008E+01,6.042552E+01
07:30:00,3.250978E+03,0.000000E+00,1.155181E-01,0.000000E+00,0.000000E+00,0.000000E+00,0.000000E+00,0.000000E+00,0.000000E+00,0.000000E+00,0.000000E+00,0.000000E+00,2.219871E+01,2.186579E+01,2.147995E+01,6.024119E+01,1.634754E+03,1.164514E+02,5.808895E-02,1.154101E-02,0.000000E+00,0.000000E+00,0.000000E+00,0.000000E+00,0.000000E+00,0.000000E+00,0.000000E+00,0.000000E+00,2.219902E+01,2.228161E+01,2.389743E+01,5.038592E+01,3.791384E+03,2.758312E+02,1.347218E-01,2.735892E-02,0.000000E+00,0.000000E+00,0.000000E+00,0.000000E+00,0.000000E+00,0.000000E+00,0.000000E+00,0.000000E+00,2.219896E+01,2.229999E+01,2.389957E+01,5.050608E+01,1.403027E+03,0.000000E+00,4.985439E-02,0.000000E+00,0.000000E+00,0.000000E+00,0.000000E+00,0.000000E+00,0.000000E+00,0.000000E+00,0.000000E+00,0.000000E+00,2.219879E+01,2.185456E+01,2.149293E+01,6.019334E+01,3.193455E+03,0.000000E+00,1.134750E-01,0.000000E+00,0.000000E+00,0.000000E+00,0.000000E+00,0.000000E+00,0.000000E+00,0.000000E+00,0.000000E+00,0.000000E+00,2.219890E+01,2.112131E+01,2.151422E+01,6.011494E+01
07:45:00,3.250978E+03,0.000000E+00,1.155181E-01,0.000000E+00,0.000000E+00,0.000000E+00,0.000000E+00,0.000000E+00,0.000000E+00,0.000000E+00,0.000000E+00,0.000000E+00,2.219871E+01,2.186579E+01,2.156933E+01,5.991247E+01,1.634754E+03,2.344971E+02,5.808895E-02,2.321390E-02,0.000000E+00,0.000000E+00,0.000000E+00,0.000000E+00,0.000000E+00,0.000000E+00,0.000000E+00,0.000000E+00,2.219902E+01,2.228161E+01,2.389927E+01,5.003868E+01,3.791384E+03,4.935230E+02,1.347218E-01,4.888498E-02,0.000000E+00,0.000000E+00,0.000000E+00,0.000000E+00,0.000000E+00,0.000000E+00,0.000000E+00,0.000000E+00,2.219896E+01,2.229999E+01,2.389941E+01,5.017423E+01,1.403027E+03,0.000000E+00,4.985439E-02,0.000000E+00,0.000000E+00,0.000000E+00,0.000000E+00,0.000000E+00,0.000000E+00,0.000000E+00,0.000000E+00,0.000000E+00,2.219879E+01,2.185456E+01,2.158601E+01,5.985133E+01,3.193455E+03,0.000000E+00,1.134750E-01,0.000000E+00,0.000000E+00,0.000000E+00,0.000000E+00,0.000000E+00,0.000000E+00,0.000000E+00,0.000000E+00,0.000000E+00,2.219890E+01,2.112131E+01,2.159680E+01,5.981188E+01
08:00:00,3.250978E+03,0.000000E+00,1.155181E-01,0.000000E+00,0.000000E+00,0.000000E+00,0.000000E+00,0.000000E+00,0.000000E+00,0.000000E+00,0.000000E+00,0.000000E+00,2.219871E+01,2.186579E+01,2.169814E+01,5.944225E+01,1.634754E+03,3.899170E+02,5.808895E-02,3.858248E-02,0.000000E+00,0.000000E+00,0.000000E+00,0.000000E+00,0.000000E+00,0.000000E+00,0.000000E+00,0.000000E+00,2.219902E+01,2.228161E+01,2.389930E+01,4.944235E+01,3.791384E+03,7.601331E+02,1.347218E-01,7.524832E-02,0.000000E+00,0.000000E+00,0.000000E+00,0.000000E+00,0.000000E+00,0.000000E+00,0.000000E+00,0.000000E+00,2.219896E+01,2.229999E+01,2.389937E+01,4.962380E+01,1.403027E+03,0.000000E+00,4.985439E-02,0.000000E+00,0.000000E+00,0.000000E+00,0.000000E+00,0.000000E+00,0.000000E+00,0.000000E+00,0.000000E+00,0.000000E+00,2.219879E+01,2.185456E+01,2.171614E+01,5.937689E+01,3.193455E+03,0.000000E+00,1.134750E-01,0.000000E+00,0.000000E+00,0.000000E+00,0.000000E+00,0.000000E+00,0.000000E+00,0.000000E+00,0.000000E+00,0.000000E+00,2.219890E+01,2.112131E+01,2.171799E+01,5.937019E+01
08:15:00,3.250978E+03,0.000000E+00,1.155181E-01,0.000000E+00,0.000000E+00,0.000000E+00,0.000000E+00,0.000000E+00,0.000000E+00,0.000000E+00,0.000000E+00,0.000000E+00,2.219871E+01,2.186579E+01,2.270755E+01,5.683702E+01,1.634754E+03,6.811339E+02,5.808895E-02,6.735447E-02,0.000000E+00,0.000000E+00,0.000000E+00,0.000000E+00,0.000000E+00,0.000000E+00,0.000000E+00,0.000000E+00,2.219902E+01,2.228161E+01,2.389952E+01,4.942693E+01,3.791384E+03,1.225660E+03,1.347218E-01,1.211962E-01,0.000000E+00,0.000000E+00,0.000000E+00,0.000000E+00,0.000000E+00,0.000000E+00,0.000000E+00,0.000000E+00,2.219896E+01,2.229999E+01,2.389954E+01,4.968628E+01,1.403027E+03,0.000000E+00,4.985439E-02,0.000000E+00,0.000000E+00,0.000000E+00,0.000000E+00,0.000000E+00,0.000000E+00,0.000000E+00,0.000000E+00,0.000000E+00,2.219879E+01,2.185456E+01,2.273167E+01,5.679325E+01,3.193455E+03,2.326732E+01,1.134750E-01,2.362166E-03,0.000000E+00,0.000000E+00,0.000000E+00,0.000000E+00,0.000000E+00,0.000000E+00,0.000000E+00,0.000000E+00,2.219890E+01,2.112131E+01,2.272405E+01,5.676624E+01
08:30:00,3.250978E+03,1.535927E+02,1.155181E-01,1.529629E-02,0.000000E+00,0.000000E+00,0.000000E+00,0.000000E+00,0.000000E+00,0.000000E+00,0.000000E+00,0.000000E+00,2.219871E+01,2.186579E+01,2.359805E+01,5.512834E+01,1.634754E+03,9.513650E+02,5.808895E-02,9.407463E-02,0.000000E+00,0.000000E+00,0.000000E+00,0.000000E+00,0.000000E+00,0.000000E+00,0.000000E+00,0.000000E+00,2.219902E+01,2.228161E+01,2.389923E+01,5.004795E+01,3.791384E+03,1.648936E+03,1.347218E-01,1.630523E-01,0.000000E+00,0.000000E+00,0.000000E+00,0.000000E+00,0.000000E+00,0.000000E+00,0.000000E+00,0.000000E+00,2.219896E+01,2.229999E+01,2.389925E+01,5.039023E+01,1.403027E+03,6.738448E+01,4.985439E-02,6.703826E-03,0.000000E+00,0.000000E+00,0.000000E+00,0.000000E+00,0.000000E+00,0.000000E+00,0.000000E+00,0.000000E+00,2.219879E+01,2.185456E+01,2.360872E+01,5.518084E+01,3.193455E+03,2.242874E+02,1.134750E-01,2.245627E-02,0.000000E+00,0.000000E+00,0.000000E+00,0.000000E+00,0.000000E+00,0.000000E+00,0.000000E+00,0.000000E+00,2.219890E+01,2.112131E+01,2.358282E+01,5.519104E+01
08:45:00,3.250978E+03,3.520112E+02,1.155181E-01,3.491691E-02,0.000000E+00,0.000000E+00,0.000000E+00,0.000000E+00,0.000000E+00,0.000000E+00,0.000000E+00,0.000000E+00,2.219871E+01,2.186579E+01,2.389922E+01,5.532337E+01,1.634754E+03,1.230957E+03,5.808895E-02,1.217236E-01,0.000000E+00,0.000000E+00,0.000000E+00,0.000000E+00,0.000000E+00,0.000000E+00,0.000000E+00,0.000000E+00,2.219902E+01,2.228161E+01,2.389887E+01,5.056517E+01,3.791384E+03,2.079535E+03,1.347218E-01,2.056347E-01,0.000000E+00,0.000000E+00,0.000000E+00,0.000000E+00,0.000000E+00,0.000000E+00,0.000000E+00,0.000000E+00,2.219896E+01,2.229999E+01,2.389889E+01,5.108612E+01,1.403027E+03,1.580761E+02,4.985439E-02,1.567183E-02,0.000000E+00,0.000000E+00,0.000000E+00,0.000000E+00,0.000000E+00,0.000000E+00,0.000000E+00,0.000000E+00,2.219879E+01,2.185456E+01,2.389927E+01,5.545245E+01,3.193455E+03,5.734482E+02,1.134750E-01,5.698289E-02,0.000000E+00,0.000000E+00,0.000000E+00,0.000000E+00,0.000000E+00,0.000000E+00,0.000000E+00,0.000000E+00,2.219890E+01,2.112131E+01,2.389927E+01,5.557701E+01
09:00:00,3.250978E+03,5.296334E+02,1.155181E-01,5.248237E-02,0.000000E+00,0.000000E+00,0.000000E+00,0.000000E+00,0.000000E+00,0.000000E+00,0.000000E+00,0.000000E+00,2.219871E+01,2.186579E+01,2.389850E+01,5.609796E+01,1.634754E+03,1.500694E+03,5.808895E-02,1.484022E-01,0.000000E+00,0.000000E+00,0.000000E+00,0.000000E+00,0.000000E+00,0.000000E+00,0.000000E+00,0.000000E+00,2.219902E+01,2.228161E+01,2.389791E+01,5.061205E+01,3.791384E+03,2.479524E+03,1.347218E-01,2.451957E-01,0.000000E+00,0.000000E+00,0.000000E+00,0.000000E+00,0.000000E+00,0.000000E+00,0.000000E+00,0.000000E+00,2.219896E+01,2.229999E+01,2.389808E+01,5.129013E+01,1.403027E+03,2.402677E+02,4.985439E-02,2.379994E-02,0.000000E+00,0.000000E+00,0.000000E+00,0.000000E+00,0.000000E+00,0.000000E+00,0.000000E+00,0.000000E+00,2.219879E+01,2.185456E+01,2.389850E+01,5.620167E+01,3.193455E+03,8.841146E+02,1.134750E-01,8.770588E-02,0.000000E+00,0.000000E+00,0.000000E+00,0.000000E+00,0.000000E+00,0.000000E+00,0.000000E+00,0.000000E+00,2.219890E+01,2.112131E+01,2.389834E+01,5.629543E+01
09:15:00,3.250978E+03,8.447600E+02,1.155181E-01,8.364729E-02,0.000000E+00,0.000000E+00,0.000000E+00,0.000000E+00,0.000000E+00,0.000000E+00,0.000000E+00,0.000000E+00,2.219871E+01,2.186579E+01,2.389807E+01,5.728035E+01,1.634754E+03,1.674057E+03,5.808895E-02,1.655542E-01,0.000000E+00,0.000000E+00,0.000000E+00,0.000000E+00,0.000000E+00,0.000000E+00,0.000000E+00,0.000000E+00,2.219902E+01,2.228161E+01,2.389757E+01,5.061825E+01,3.791384E+03,2.694418E+03,1.347218E-01,2.664581E-01,0.000000E+00,0.000000E+00,0.000000E+00,0.000000E+00,0.000000E+00,0.000000E+00,0.000000E+00,0.000000E+00,2.219896E+01,2.229999E+01,2.389781E+01,5.155865E+01,1.403027E+03,3.843518E+02,4.985439E-02,3.804932E-02,0.000000E+00,0.000000E+00,0.000000E+00,0.000000E+00,0.000000E+00,0.000000E+00,0.000000E+00,0.000000E+00,2.219879E+01,2.185456E+01,2.389810E+01,5.732283E+01,3.193455E+03,1.397117E+03,1.134750E-01,1.383803E-01,0.000000E+00,0.000000E+00,0.000000E+00,0.000000E+00,0.000000E+00,0.000000E+00,0.000000E+00,0.000000E+00,2.219890E+01,2.112131E+01,2.389782E+01,5.753149E+01
09:30:00,3.250978E+03,1.028778E+03,1.155181E-01,1.017457E-01,0.000000E+00,0.000000E+00,0.000000E+00,0.000000E+00,0.000000E+00,0.000000E+00,0.000000E+00,0.000000E+00,2.219871E+01,2.186579E+01,2.389626E+01,5.750619E+01,1.634754E+03,1.814136E+03,5.808895E-02,1.794161E-01,0.000000E+00,0.000000E+00,0.000000E+00,0.000000E+00,0.000000E+00,0.000000E+00,0.000000E+00,0.000000E+00,2.219902E+01,2.228161E+01,2.389721E+01,5.037964E+01,3.791384E+03,2.858449E+03,1.347218E-01,2.826932E-01,0.000000E+00,0.000000E+00,0.000000E+00,0.000000E+00,0.000000E+00,0.000000E+00,0.000000E+00,0.000000E+00,2.219896E+01,2.229999E+01,2.389731E+01,5.145272E+01,1.403027E+03,4.723947E+02,4.985439E-02,4.671936E-02,0.000000E+00,0.000000E+00,0.000000E+00,0.000000E+00,0.000000E+00,0.000000E+00,0.000000E+00,0.000000E+00,2.219879E+01,2.185456E+01,2.389637E+01,5.748124E+01,3.193455E+03,1.756892E+03,1.134750E-01,1.737592E-01,0.000000E+00,0.000000E+00,0.000000E+00,0.000000E+00,0.000000E+00,0.000000E+00,0.000000E+00,0.000000E+00,2.219890E+01,2.112131E+01,2.389587E+01,5.783048E+01
09:45:00,3.250978E+03,1.184856E+03,1.155181E-01,1.171918E-01,0.000000E+00,0.000000E+00,0.000000E+00,0.000000E+00,0.000000E+00,0.000000E+00,0.000000E+00,0.000000E+00,2.219871E+01,2.186579E+01,2.389574E+01,5.713260E+01,1.634754E+03,1.925706E+03,5.808895E-02,1.904573E-01,0.000000E+00,0.000000E+00,0.000000E+00,0.000000E+00,0.000000E+00,0.000000E+00,0.000000E+00,0.000000E+00,2.219902E+01,2.228161E+01,2.389726E+01,5.016041E+01,3.791384E+03,2.967895E+03,1.347218E-01,2.935282E-01,0.000000E+00,0.000000E+00,0.000000E+00,0.000000E+00,0.000000E+00,0.000000E+00,0.000000E+00,0.000000E+00,2.219896E+01,2.229999E+01,2.389730E+01,5.126851E+01,1.403027E+03,5.453130E+02,4.985439E-02,5.393541E-02,0.000000E+00,0.000000E+00,0.000000E+00,0.000000E+00,0.000000E+00,0.000000E+00,0.000000E+00,0.000000E+00,2.219879E+01,2.185456E+01,2.389587E+01,5.706718E+01,3.193455E+03,1.984059E+03,1.134750E-01,1.962450E-01,0.000000E+00,0.000000E+00,0.000000E+00,0.000000E+00,0.000000E+00,0.000000E+00,0.000000E+00,0.000000E+00,2.219890E+01,2.112131E+01,2.389536E+01,5.754622E+01
10:00:00,3.250978E+03,1.377303E+03,1.155181E-01,1.362312E-01,0.000000E+00,0.000000E+00,0.000000E+00,0.000000E+00,0.000000E+00,0.000000E+00,0.000000E+00,0.000000E+00,2.219871E+01,2.186579E+01,2.389635E+01,5.645642E+01,1.634754E+03,2.011586E+03,5.808895E-02,1.989516E-01,0.000000E+00,0.000000E+00,0.000000E+00,0.000000E+00,0.000000E+00,0.000000E+00,0.000000E+00,0.000000E+00,2.219902E+01,2.228161E+01,2.389773E+01,5.004290E+01,3.791384E+03,3.040733E+03,1.347218E-01,3.007336E-01,0.000000E+00,0.000000E+00,0.000000E+00,0.000000E+00,0.000000E+00,0.000000E+00,0.000000E+00,0.000000E+00,2.219896E+01,2.229999E+01,2.389779E+01,5.118278E+01,1.403027E+03,6.341901E+02,4.985439E-02,6.272820E-02,0.000000E+00,0.000000E+00,0.000000E+00,0.000000E+00,0.000000E+00,0.000000E+00,0.000000E+00,0.000000E+00,2.219879E+01,2.185456E+01,2.389643E+01,5.637377E+01,3.193455E+03,2.264195E+03,1.134750E-01,2.239616E-01,0.000000E+00,0.000000E+00,0.000000E+00,0.000000E+00,0.000000E+00,0.000000E+00,0.000000E+00,0.000000E+00,2.219890E+01,2.112131E+01,2.389616E+01,5.699505E+01
10:15:00,3.250978E+03,1.448584E+03,1.155181E-01,1.432839E-01,0.000000E+00,0.000000E+00,0.000000E+00,0.000000E+00,0.000000E+00,0.000000E+00,0.000000E+00,0.000000E+00,2.219871E+01,2.186579E+01,2.389723E+01,5.601215E+01,1.634754E+03,2.031160E+03,5.808895E-02,2.008845E-01,0.000000E+00,0.000000E+00,0.000000E+00,0.000000E+00,0.000000E+00,0.000000E+00,0.000000E+00,0.000000E+00,2.219902E+01,2.228161E+01,2.389815E+01,5.003156E+01,3.791384E+03,2.997790E+03,1.347218E-01,2.964847E-01,0.000000E+00,0.000000E+00,0.000000E+00,0.000000E+00,0.000000E+00,0.000000E+00,0.000000E+00,0.000000E+00,2.219896E+01,2.229999E+01,2.389808E+01,5.122683E+01,1.403027E+03,6.689880E+02,4.985439E-02,6.617111E-02,0.000000E+00,0.000000E+00,0.000000E+00,0.000000E+00,0.000000E+00,0.000000E+00,0.000000E+00,0.000000E+00,2.219879E+01,2.185456E+01,2.389725E+01,5.591791E+01,3.193455E+03,2.334794E+03,1.134750E-01,2.309476E-01,0.000000E+00,0.000000E+00,0.000000E+00,0.000000E+00,0.000000E+00,0.000000E+00,0.000000E+00,0.000000E+00,2.219890E+01,2.112131E+01,2.389719E+01,5.664899E+01
10:30:00,3.250978E+03,1.510526E+03,1.155181E-01,1.494065E-01,0.000000E+00,0.000000E+00,0.000000E+00,0.000000E+00,0.000000E+00,0.000000E+00,0.000000E+00,0.000000E+00,2.219871E+01,2.186579E+01,2.389735E+01,5.556935E+01,1.634754E+03,2.031283E+03,5.808895E-02,2.008917E-01,0.000000E+00,0.000000E+00,0.000000E+00,0.000000E+00,0.000000E+00,0.000000E+00,0.000000E+00,0.000000E+00,2.219902E+01,2.228161E+01,2.389820E+01,5.004441E+01,3.791384E+03,2.944251E+03,1.347218E-01,2.911850E-01,0.000000E+00,0.000000E+00,0.000000E+00,0.000000E+00,0.000000E+00,0.000000E+00,0.000000E+00,0.000000E+00,2.219896E+01,2.229999E+01,2.389794E+01,5.129340E+01,1.403027E+03,6.986192E+02,4.985439E-02,6.910020E-02,0.000000E+00,0.000000E+00,0.000000E+00,0.000000E+00,0.000000E+00,0.000000E+00,0.000000E+00,0.000000E+00,2.219879E+01,2.185456E+01,2.389736E+01,5.546697E+01,3.193455E+03,2.392253E+03,1.134750E-01,2.366224E-01,0.000000E+00,0.000000E+00,0.000000E+00,0.000000E+00,0.000000E+00,0.000000E+00,0.000000E+00,0.000000E+00,2.219890E+01,2.112131E+01,2.389731E+01,5.630255E+01
10:45:00,3.250978E+03,1.567350E+03,1.155181E-01,1.550207E-01,0.000000E+00,0.000000E+00,0.000000E+00,0.000000E+00,0.000000E+00,0.000000E+00,0.000000E+00,0.000000E+00,2.219871E+01,2.186579E+01,2.389740E+01,5.519781E+01,1.634754E+03,2.012062E+03,5.808895E-02,1.989860E-01,0.000000E+00,0.000000E+00,0.000000E+00,0.000000E+00,0.000000E+00,0.000000E+00,0.000000E+00,0.000000E+00,2.219902E+01,2.228161E+01,2.389822E+01,5.007406E+01,3.791384E+03,2.886474E+03,1.347218E-01,2.854661E-01,0.000000E+00,0.000000E+00,0.000000E+00,0.000000E+00,0.000000E+00,0.000000E+00,0.000000E+00,0.000000E+00,2.219896E+01,2.229999E+01,2.389794E+01,5.136135E+01,1.403027E+03,7.255298E+02,4.985439E-02,7.175922E-02,0.000000E+00,0.000000E+00,0.000000E+00,0.000000E+00,0.000000E+00,0.000000E+00,0.000000E+00,0.000000E+00,2.219879E+01,2.185456E+01,2.389741E+01,5.509303E+01,3.193455E+03,2.443942E+03,1.134750E-01,2.417232E-01,0.000000E+00,0.000000E+00,0.000000E+00,0.000000E+00,0.000000E+00,0.000000E+00,0.000000E+00,0.000000E+00,2.219890E+01,2.112131E+01,2.389736E+01,5.600731E+01
11:00:00,3.250978E+03,1.619376E+03,1.155181E-01,1.601623E-01,0.000000E+00,0.000000E+00,0.000000E+00,0.000000E+00,0.000000E+00,0.000000E+00,0.000000E+00,0.000000E+00,2.219871E+01,2.186579E+01,2.389743E+01,5.488982E+01,1.634754E+03,1.975361E+03,5.808895E-02,1.953539E-01,0.000000E+00,0.000000E+00,0.000000E+00,0.000000E+00,0.000000E+00,0.000000E+00,0.000000E+00,0.000000E+00,2.219902E+01,2.228161E+01,2.389823E+01,5.012566E+01,3.791384E+03,2.831973E+03,1.347218E-01,2.800749E-01,0.000000E+00,0.000000E+00,0.000000E+00,0.000000E+00,0.000000E+00,0.000000E+00,0.000000E+00,0.000000E+00,2.219896E+01,2.229999E+01,2.389794E+01,5.143730E+01,1.403027E+03,7.499411E+02,4.985439E-02,7.417182E-02,0.000000E+00,0.000000E+00,0.000000E+00,0.000000E+00,0.000000E+00,0.000000E+00,0.000000E+00,0.000000E+00,2.219879E+01,2.185456E+01,2.389745E+01,5.478629E+01,3.193455E+03,2.489739E+03,1.134750E-01,2.462454E-01,0.000000E+00,0.000000E+00,0.000000E+00,0.000000E+00,0.000000E+00,0.000000E+00,0.000000E+00,0.000000E+00,2.219890E+01,2.112131E+01,2.389740E+01,5.576077E+01
11:15:00,3.250978E+03,1.632861E+03,1.155181E-01,1.614946E-01,0.000000E+00,0.000000E+00,0.000000E+00,0.000000E+00,0.000000E+00,0.000000E+00,0.000000E+00,0.000000E+00,2.219871E+01,2.186579E+01,2.389757E+01,5.458580E+01,1.634754E+03,1.906772E+03,5.808895E-02,1.885700E-01,0.000000E+00,0.000000E+00,0.000000E+00,0.000000E+00,0.000000E+00,0.000000E+00,0.000000E+00,0.000000E+00,2.219902E+01,2.228161E+01,2.389832E+01,5.013745E+01,3.791384E+03,2.741759E+03,1.347218E-01,2.711535E-01,0.000000E+00,0.000000E+00,0.000000E+00,0.000000E+00,0.000000E+00,0.000000E+00,0.000000E+00,0.000000E+00,2.219896E+01,2.229999E+01,2.389803E+01,5.145622E+01,1.403027E+03,7.562874E+02,4.985439E-02,7.479886E-02,0.000000E+00,0.000000E+00,0.000000E+00,0.000000E+00,0.000000E+00,0.000000E+00,0.000000E+00,0.000000E+00,2.219879E+01,2.185456E+01,2.389759E+01,5.448394E+01,3.193455E+03,2.472386E+03,1.134750E-01,2.445269E-01,0.000000E+00,0.000000E+00,0.000000E+00,0.000000E+00,0.000000E+00,0.000000E+00,0.000000E+00,0.000000E+00,2.219890E+01,2.112131E+01,2.389755E+01,5.550938E+01
11:30:00,3.250978E+03,1.640721E+03,1.155181E-01,1.622706E-01,0.000000E+00,0.000000E+00,0.000000E+00,0.000000E+00,0.000000E+00,0.000000E+00,0.000000E+00,0.000000E+00,2.219871E+01,2.186579E+01,2.389769E+01,5.421195E+01,1.634754E+03,1.823134E+03,5.808895E-02,1.802978E-01,0.000000E+00,0.000000E+00,0.000000E+00,0.000000E+00,0.000000E+00,0.000000E+00,0.000000E+00,0.000000E+00,2.219902E+01,2.228161E+01,2.389840E+01,5.000220E+01,3.791384E+03,2.654527E+03,1.347218E-01,2.625253E-01,0.000000E+00,0.000000E+00,0.000000E+00,0.000000E+00,0.000000E+00,0.000000E+00,0.000000E+00,0.000000E+00,2.219896E+01,2.229999E+01,2.389811E+01,5.130093E+01,1.403027E+03,7.598669E+02,4.985439E-02,7.515225E-02,0.000000E+00,0.000000E+00,0.000000E+00,0.000000E+00,0.000000E+00,0.000000E+00,0.000000E+00,0.000000E+00,2.219879E+01,2.185456E+01,2.389770E+01,5.411015E+01,3.193455E+03,2.450234E+03,1.134750E-01,2.423337E-01,0.000000E+00,0.000000E+00,0.000000E+00,0.000000E+00,0.000000E+00,0.000000E+00,0.000000E+00,0.000000E+00,2.219890E+01,2.112131E+01,2.389768E+01,5.517493E+01
11:45:00,3.250978E+03,1.643307E+03,1.155181E-01,1.625273E-01,0.000000E+00,0.000000E+00,0.000000E+00,0.000000E+00,0.000000E+00,0.000000E+00,0.000000E+00,0.000000E+00,2.219871E+01,2.186579E+01,2.389718E+01,5.384487E+01,1.634754E+03,1.727520E+03,5.808895E-02,1.708415E-01,0.000000E+00,0.000000E+00,0.000000E+00,0.000000E+00,0.000000E+00,0.000000E+00,0.000000E+00,0.000000E+00,2.219902E+01,2.228161E+01,2.389833E+01,4.998636E+01,3.791384E+03,2.577287E+03,1.347218E-01,2.548872E-01,0.000000E+00,0.000000E+00,0.000000E+00,0.000000E+00,0.000000E+00,0.000000E+00,0.000000E+00,0.000000E+00,2.219896E+01,2.229999E+01,2.389783E+01,5.118585E+01,1.403027E+03,7.609953E+02,4.985439E-02,7.526417E-02,0.000000E+00,0.000000E+00,0.000000E+00,0.000000E+00,0.000000E+00,0.000000E+00,0.000000E+00,0.000000E+00,2.219879E+01,2.185456E+01,2.389725E+01,5.374961E+01,3.193455E+03,2.422867E+03,1.134750E-01,2.396288E-01,0.000000E+00,0.000000E+00,0.000000E+00,0.000000E+00,0.000000E+00,0.000000E+00,0.000000E+00,0.000000E+00,2.219890E+01,2.112131E+01,2.389707E+01,5.482928E+01
12:00:00,3.250978E+03,1.642111E+03,1.155181E-01,1.624073E-01,0.000000E+00,0.000000E+00,0.000000E+00,0.000000E+00,0.000000E+00,0.000000E+00,0.000000E+00,0.000000E+00,2.219871E+01,2.186579E+01,2.389783E+01,5.357569E+01,1.634754E+03,1.624153E+03,5.808895E-02,1.606176E-01,0.000000E+00,0.000000E+00,0.000000E+00,0.000000E+00,0.000000E+00,0.000000E+00,0.000000E+00,0.000000E+00,2.219902E+01,2.228161E+01,2.389861E+01,5.006864E+01,3.791384E+03,2.510415E+03,1.347218E-01,2.482717E-01,0.000000E+00,0.000000E+00,0.000000E+00,0.000000E+00,0.000000E+00,0.000000E+00,0.000000E+00,0.000000E+00,2.219896E+01,2.229999E+01,2.389826E+01,5.113916E+01,1.403027E+03,7.604262E+02,4.985439E-02,7.520710E-02,0.000000E+00,0.000000E+00,0.000000E+00,0.000000E+00,0.000000E+00,0.000000E+00,0.000000E+00,0.000000E+00,2.219879E+01,2.185456E+01,2.389785E+01,5.348551E+01,3.193455E+03,2.392696E+03,1.134750E-01,2.366421E-01,0.000000E+00,0.000000E+00,0.000000E+00,0.000000E+00,0.000000E+00,0.000000E+00,0.000000E+00,0.000000E+00,2.219890E+01,2.112131E+01,2.389782E+01,5.456912E+01
12:15:00,3.250978E+03,1.604438E+03,1.155181E-01,1.586793E-01,0.000000E+00,0.000000E+00,0.000000E+00,0.000000E+00,0.000000E+00,0.000000E+00,0.000000E+00,0.000000E+00,2.219871E+01,2.186579E+01,2.389813E+01,5.323817E+01,1.634754E+03,1.501769E+03,5.808895E-02,1.485132E-01,0.000000E+00,0.000000E+00,0.000000E+00,0.000000E+00,0.000000E+00,0.000000E+00,0.000000E+00,0.000000E+00,2.219902E+01,2.228161E+01,2.389877E+01,5.007425E+01,3.791384E+03,2.419565E+03,1.347218E-01,2.392844E-01,0.000000E+00,0.000000E+00,0.000000E+00,0.000000E+00,0.000000E+00,0.000000E+00,0.000000E+00,0.000000E+00,2.219896E+01,2.229999E+01,2.389848E+01,5.100425E+01,1.403027E+03,7.427764E+02,4.985439E-02,7.346058E-02,0.000000E+00,0.000000E+00,0.000000E+00,0.000000E+00,0.000000E+00,0.000000E+00,0.000000E+00,0.000000E+00,2.219879E+01,2.185456E+01,2.389815E+01,5.315035E+01,3.193455E+03,2.301913E+03,1.134750E-01,2.276607E-01,0.000000E+00,0.000000E+00,0.000000E+00,0.000000E+00,0.000000E+00,0.000000E+00,0.000000E+00,0.000000E+00,2.219890E+01,2.112131E+01,2.389815E+01,5.423919E+01
12:30:00,3.250978E+03,1.561993E+03,1.155181E-01,1.544788E-01,0.000000E+00,0.000000E+00,0.000000E+00,0.000000E+00,0.000000E+00,0.000000E+00,0.000000E+00,0.000000E+00,2.219871E+01,2.186579E+01,2.389845E+01,5.258230E+01,1.634754E+03,1.388163E+03,5.808895E-02,1.372766E-01,0.000000E+00,0.000000E+00,0.000000E+00,0.000000E+00,0.000000E+00,0.000000E+00,0.000000E+00,0.000000E+00,2.219902E+01,2.228161E+01,2.389896E+01,4.968617E+01,3.791384E+03,2.334470E+03,1.347218E-01,2.308654E-01,0.000000E+00,0.000000E+00,0.000000E+00,0.000000E+00,0.000000E+00,0.000000E+00,0.000000E+00,0.000000E+00,2.219896E+01,2.229999E+01,2.389875E+01,5.047489E+01,1.403027E+03,7.226294E+02,4.985439E-02,7.146675E-02,0.000000E+00,0.000000E+00,0.000000E+00,0.000000E+00,0.000000E+00,0.000000E+00,0.000000E+00,0.000000E+00,2.219879E+01,2.185456E+01,2.389847E+01,5.249492E+01,3.193455E+03,2.205968E+03,1.134750E-01,2.181677E-01,0.000000E+00,0.000000E+00,0.000000E+00,0.000000E+00,0.000000E+00,0.000000E+00,0.000000E+00,0.000000E+00,2.219890E+01,2.112131E+01,2.389848E+01,5.358490E+01
12:45:00,3.250978E+03,1.517561E+03,1.155181E-01,1.500788E-01,0.000000E+00,0.000000E+00,0.000000E+00,0.000000E+00,0.000000E+00,0.000000E+00,0.000000E+00,0.000000E+00,2.219871E+01,2.186579E+01,2.389864E+01,5.196231E+01,1.634754E+03,1.285752E+03,5.808895E-02,1.271466E-01,0.000000E+00,0.000000E+00,0.000000E+00,0.000000E+00,0.000000E+00,0.000000E+00,0.000000E+00,0.000000E+00,2.219902E+01,2.228161E+01,2.389909E+01,4.939778E+01,3.791384E+03,2.252220E+03,1.347218E-01,2.227247E-01,0.000000E+00,0.000000E+00,0.000000E+00,0.000000E+00,0.000000E+00,0.000000E+00,0.000000E+00,0.000000E+00,2.219896E+01,2.229999E+01,2.389897E+01,5.002237E+01,1.403027E+03,7.012525E+02,4.985439E-02,6.935007E-02,0.000000E+00,0.000000E+00,0.000000E+00,0.000000E+00,0.000000E+00,0.000000E+00,0.000000E+00,0.000000E+00,2.219879E+01,2.185456E+01,2.389866E+01,5.188604E+01,3.193455E+03,2.108345E+03,1.134750E-01,2.085042E-01,0.000000E+00,0.000000E+00,0.000000E+00,0.000000E+00,0.000000E+00,0.000000E+00,0.000000E+00,0.000000E+00,2.219890E+01,2.112131E+01,2.389865E+01,5.292642E+01
13:00:00,3.250978E+03,1.471791E+03,1.155181E-01,1.455488E-01,0.000000E+00,0.000000E+00,0.000000E+00,0.000000E+00,0.000000E+00,0.000000E+00,0.000000E+00,0.000000E+00,2.219871E+01,2.186579E+01,2.389876E+01,5.154521E+01,1.634754E+03,1.198908E+03,5.808895E-02,1.185568E-01,0.000000E+00,0.000000E+00,0.000000E+00,0.000000E+00,0.000000E+00,0.000000E+00,0.000000E+00,0.000000E+00,2.219902E+01,2.228161E+01,2.389916E+01,4.933622E+01,3.791384E+03,2.173930E+03,1.347218E-01,2.149779E-01,0.000000E+00,0.000000E+00,0.000000E+00,0.000000E+00,0.000000E+00,0.000000E+00,0.000000E+00,0.000000E+00,2.219896E+01,2.229999E+01,2.389908E+01,4.981522E+01,1.403027E+03,6.799768E+02,4.985439E-02,6.724433E-02,0.000000E+00,0.000000E+00,0.000000E+00,0.000000E+00,0.000000E+00,0.000000E+00,0.000000E+00,0.000000E+00,2.219879E+01,2.185456E+01,2.389878E+01,5.148177E+01,3.193455E+03,2.009121E+03,1.134750E-01,1.986862E-01,0.000000E+00,0.000000E+00,0.000000E+00,0.000000E+00,0.000000E+00,0.000000E+00,0.000000E+00,0.000000E+00,2.219890E+01,2.112131E+01,2.389877E+01,5.245148E+01
13:15:00,3.250978E+03,1.553171E+03,1.155181E-01,1.535945E-01,0.000000E+00,0.000000E+00,0.000000E+00,0.000000E+00,0.000000E+00,0.000000E+00,0.000000E+00,0.000000E+00,2.219871E+01,2.186579E+01,2.389867E+01,5.138450E+01,1.634754E+03,1.187385E+03,5.808895E-02,1.174166E-01,0.000000E+00,0.000000E+00,0.000000E+00,0.000000E+00,0.000000E+00,0.000000E+00,0.000000E+00,0.000000E+00,2.219902E+01,2.228161E+01,2.389902E+01,4.949359E+01,3.791384E+03,2.226926E+03,1.347218E-01,2.202158E-01,0.000000E+00,0.000000E+00,0.000000E+00,0.000000E+00,0.000000E+00,0.000000E+00,0.000000E+00,0.000000E+00,2.219896E+01,2.229999E+01,2.389897E+01,4.986274E+01,1.403027E+03,7.203300E+02,4.985439E-02,7.123399E-02,0.000000E+00,0.000000E+00,0.000000E+00,0.000000E+00,0.000000E+00,0.000000E+00,0.000000E+00,0.000000E+00,2.219879E+01,2.185456E+01,2.389868E+01,5.132695E+01,3.193455E+03,2.132433E+03,1.134750E-01,2.108780E-01,0.000000E+00,0.000000E+00,0.000000E+00,0.000000E+00,0.000000E+00,0.000000E+00,0.000000E+00,0.000000E+00,2.219890E+01,2.112131E+01,2.389867E+01,5.223540E+01
13:30:00,3.250978E+03,1.641785E+03,1.155181E-01,1.623577E-01,0.000000E+00,0.000000E+00,0.000000E+00,0.000000E+00,0.000000E+00,0.000000E+00,0.000000E+00,0.000000E+00,2.219871E+01,2.186579E+01,2.389846E+01,5.172842E+01,1.634754E+03,1.186929E+03,5.808895E-02,1.173721E-01,0.000000E+00,0.000000E+00,0.000000E+00,0.000000E+00,0.000000E+00,0.000000E+00,0.000000E+00,0.000000E+00,2.219902E+01,2.228161E+01,2.389876E+01,5.010125E+01,3.791384E+03,2.292104E+03,1.347218E-01,2.266614E-01,0.000000E+00,0.000000E+00,0.000000E+00,0.000000E+00,0.000000E+00,0.000000E+00,0.000000E+00,0.000000E+00,2.219896E+01,2.229999E+01,2.389873E+01,5.039401E+01,1.403027E+03,7.680132E+02,4.985439E-02,7.594954E-02,0.000000E+00,0.000000E+00,0.000000E+00,0.000000E+00,0.000000E+00,0.000000E+00,0.000000E+00,0.000000E+00,2.219879E+01,2.185456E+01,2.389845E+01,5.166076E+01,3.193455E+03,2.264147E+03,1.134750E-01,2.239037E-01,0.000000E+00,0.000000E+00,0.000000E+00,0.000000E+00,0.000000E+00,0.000000E+00,0.000000E+00,0.000000E+00,2.219890E+01,2.112131E+01,2.389846E+01,5.255069E+01
13:45:00,3.250978E+03,1.735978E+03,1.155181E-01,1.716739E-01,0.000000E+00,0.000000E+00,0.000000E+00,0.000000E+00,0.000000E+00,0.000000E+00,0.000000E+00,0.000000E+00,2.219871E+01,2.186579E+01,2.389835E+01,5.208032E+01,1.634754E+03,1.197072E+03,5.808895E-02,1.183766E-01,0.000000E+00,0.000000E+00,0.000000E+00,0.000000E+00,0.000000E+00,0.000000E+00,0.000000E+00,0.000000E+00,2.219902E+01,2.228161E+01,2.389859E+01,5.056536E+01,3.791384E+03,2.365585E+03,1.347218E-01,2.339302E-01,0.000000E+00,0.000000E+00,0.000000E+00,0.000000E+00,0.000000E+00,0.000000E+00,0.000000E+00,0.000000E+00,2.219896E+01,2.229999E+01,2.389858E+01,5.083346E+01,1.403027E+03,8.225271E+02,4.985439E-02,8.134121E-02,0.000000E+00,0.000000E+00,0.000000E+00,0.000000E+00,0.000000E+00,0.000000E+00,0.000000E+00,0.000000E+00,2.219879E+01,2.185456E+01,2.389833E+01,5.198053E+01,3.193455E+03,2.403505E+03,1.134750E-01,2.376867E-01,0.000000E+00,0.000000E+00,0.000000E+00,0.000000E+00,0.000000E+00,0.000000E+00,0.000000E+00,0.000000E+00,2.219890E+01,2.112131E+01,2.389837E+01,5.292457E+01
14:00:00,3.250978E+03,1.834548E+03,1.155181E-01,1.814274E-01,0.000000E+00,0.000000E+00,0.000000E+00,0.000000E+00,0.000000E+00,0.000000E+00,0.000000E+00,0.000000E+00,2.219871E+01,2.186579E+01,2.389747E+01,5.228467E+01,1.634754E+03,1.213411E+03,5.808895E-02,1.199959E-01,0.000000E+00,0.000000E+00,0.000000E+00,0.000000E+00,0.000000E+00,0.000000E+00,0.000000E+00,0.000000E+00,2.219902E+01,2.228161E+01,2.389797E+01,5.080542E+01,3.791384E+03,2.444263E+03,1.347218E-01,2.417177E-01,0.000000E+00,0.000000E+00,0.000000E+00,0.000000E+00,0.000000E+00,0.000000E+00,0.000000E+00,0.000000E+00,2.219896E+01,2.229999E+01,2.389789E+01,5.106604E+01,1.403027E+03,8.824170E+02,4.985439E-02,8.726673E-02,0.000000E+00,0.000000E+00,0.000000E+00,0.000000E+00,0.000000E+00,0.000000E+00,0.000000E+00,0.000000E+00,2.219879E+01,2.185456E+01,2.389747E+01,5.213832E+01,3.193455E+03,2.548693E+03,1.134750E-01,2.520535E-01,0.000000E+00,0.000000E+00,0.000000E+00,0.000000E+00,0.000000E+00,0.000000E+00,0.000000E+00,0.000000E+00,2.219890E+01,2.112131E+01,2.389735E+01,5.317720E+01
14:15:00,3.250978E+03,1.888374E+03,1.155181E-01,1.867577E-01,0.000000E+00,0.000000E+00,0.000000E+00,0.000000E+00,0.000000E+00,0.000000E+00,0.000000E+00,0.000000E+00,2.219871E+01,2.186579E+01,2.389719E+01,5.237533E+01,1.634754E+03,1.212678E+03,5.808895E-02,1.199274E-01,0.000000E+00,0.000000E+00,0.000000E+00,0.000000E+00,0.000000E+00,0.000000E+00,0.000000E+00,0.000000E+00,2.219902E+01,2.228161E+01,2.389773E+01,5.090828E+01,3.791384E+03,2.477417E+03,1.347218E-01,2.450047E-01,0.000000E+00,0.000000E+00,0.000000E+00,0.000000E+00,0.000000E+00,0.000000E+00,0.000000E+00,0.000000E+00,2.219896E+01,2.229999E+01,2.389763E+01,5.115917E+01,1.403027E+03,9.239944E+02,4.985439E-02,9.138208E-02,0.000000E+00,0.000000E+00,0.000000E+00,0.000000E+00,0.000000E+00,0.000000E+00,0.000000E+00,0.000000E+00,2.219879E+01,2.185456E+01,2.389718E+01,5.216381E+01,3.193455E+03,2.612240E+03,1.134750E-01,2.583487E-01,0.000000E+00,0.000000E+00,0.000000E+00,0.000000E+00,0.000000E+00,0.000000E+00,0.000000E+00,0.000000E+00,2.219890E+01,2.112131E+01,2.389706E+01,5.333754E+01
14:30:00,3.250978E+03,1.943813E+03,1.155181E-01,1.922478E-01,0.000000E+00,0.000000E+00,0.000000E+00,0.000000E+00,0.000000E+00,0.000000E+00,0.000000E+00,0.000000E+00,2.219871E+01,2.186579E+01,2.389698E+01,5.258855E+01,1.634754E+03,1.214686E+03,5.808895E-02,1.201295E-01,0.000000E+00,0.000000E+00,0.000000E+00,0.000000E+00,0.000000E+00,0.000000E+00,0.000000E+00,0.000000E+00,2.219902E+01,2.228161E+01,2.389759E+01,5.115783E+01,3.791384E+03,2.510371E+03,1.347218E-01,2.482716E-01,0.000000E+00,0.000000E+00,0.000000E+00,0.000000E+00,0.000000E+00,0.000000E+00,0.000000E+00,0.000000E+00,2.219896E+01,2.229999E+01,2.389747E+01,5.138301E+01,1.403027E+03,9.673210E+02,4.985439E-02,9.567065E-02,0.000000E+00,0.000000E+00,0.000000E+00,0.000000E+00,0.000000E+00,0.000000E+00,0.000000E+00,0.000000E+00,2.219879E+01,2.185456E+01,2.389695E+01,5.231301E+01,3.193455E+03,2.679090E+03,1.134750E-01,2.649711E-01,0.000000E+00,0.000000E+00,0.000000E+00,0.000000E+00,0.000000E+00,0.000000E+00,0.000000E+00,0.000000E+00,2.219890E+01,2.112131E+01,2.389682E+01,5.361672E+01
14:45:00,3.250978E+03,2.000012E+03,1.155181E-01,1.978138E-01,0.000000E+00,0.000000E+00,0.000000E+00,0.000000E+00,0.000000E+00,0.000000E+00,0.000000E+00,0.000000E+00,2.219871E+01,2.186579E+01,2.389677E+01,5.280106E+01,1.634754E+03,1.218640E+03,5.808895E-02,1.205241E-01,0.000000E+00,0.000000E+00,0.000000E+00,0.000000E+00,0.000000E+00,0.000000E+00,0.000000E+00,0.000000E+00,2.219902E+01,2.228161E+01,2.389741E+01,5.141473E+01,3.791384E+03,2.542251E+03,1.347218E-01,2.514326E-01,0.000000E+00,0.000000E+00,0.000000E+00,0.000000E+00,0.000000E+00,0.000000E+00,0.000000E+00,0.000000E+00,2.219896E+01,2.229999E+01,2.389729E+01,5.161407E+01,1.403027E+03,1.011654E+03,4.985439E-02,1.000592E-01,0.000000E+00,0.000000E+00,0.000000E+00,0.000000E+00,0.000000E+00,0.000000E+00,0.000000E+00,0.000000E+00,2.219879E+01,2.185456E+01,2.389672E+01,5.245524E+01,3.193455E+03,2.748005E+03,1.134750E-01,2.717990E-01,0.000000E+00,0.000000E+00,0.000000E+00,0.000000E+00,0.000000E+00,0.000000E+00,0.000000E+00,0.000000E+00,2.219890E+01,2.112131E+01,2.389659E+01,5.389695E+01
15:00:00,3.250978E+03,2.056489E+03,1.155181E-01,2.034044E-01,0.000000E+00,0.000000E+00,0.000000E+00,0.000000E+00,0.000000E+00,0.000000E+00,0.000000E+00,0.000000E+00,2.219871E+01,2.186579E+01,2.389656E+01,5.291932E+01,1.634754E+03,1.224011E+03,5.808895E-02,1.210576E-01,0.000000E+00,0.000000E+00,0.000000E+00,0.000000E+00,0.000000E+00,0.000000E+00,0.000000E+00,0.000000E+00,2.219902E+01,2.228161E+01,2.389722E+01,5.157140E+01,3.791384E+03,2.572650E+03,1.347218E-01,2.544441E-01,0.000000E+00,0.000000E+00,0.000000E+00,0.000000E+00,0.000000E+00,0.000000E+00,0.000000E+00,0.000000E+00,2.219896E+01,2.229999E+01,2.389710E+01,5.175150E+01,1.403027E+03,1.056523E+03,4.985439E-02,1.044996E-01,0.000000E+00,0.000000E+00,0.000000E+00,0.000000E+00,0.000000E+00,0.000000E+00,0.000000E+00,0.000000E+00,2.219879E+01,2.185456E+01,2.389650E+01,5.250142E+01,3.193455E+03,2.818908E+03,1.134750E-01,2.788187E-01,0.000000E+00,0.000000E+00,0.000000E+00,0.000000E+00,0.000000E+00,0.000000E+00,0.000000E+00,0.000000E+00,2.219890E+01,2.112131E+01,2.389637E+01,5.407814E+01
15:15:00,3.250978E+03,2.078057E+03,1.155181E-01,2.055417E-01,0.000000E+00,0.000000E+00,0.000000E+00,0.000000E+00,0.000000E+00,0.000000E+00,0.000000E+00,0.000000E+00,2.219871E+01,2.186579E+01,2.389640E+01,5.294199E+01,1.634754E+03,1.214395E+03,5.808895E-02,1.201084E-01,0.000000E+00,0.000000E+00,0.000000E+00,0.000000E+00,0.000000E+00,0.000000E+00,0.000000E+00,0.000000E+00,2.219902E+01,2.228161E+01,2.389709E+01,5.163325E+01,3.791384E+03,2.566163E+03,1.347218E-01,2.538066E-01,0.000000E+00,0.000000E+00,0.000000E+00,0.000000E+00,0.000000E+00,0.000000E+00,0.000000E+00,0.000000E+00,2.219896E+01,2.229999E+01,2.389698E+01,5.179782E+01,1.403027E+03,1.085199E+03,4.985439E-02,1.073381E-01,0.000000E+00,0.000000E+00,0.000000E+00,0.000000E+00,0.000000E+00,0.000000E+00,0.000000E+00,0.000000E+00,2.219879E+01,2.185456E+01,2.389633E+01,5.245909E+01,3.193455E+03,2.831658E+03,1.134750E-01,2.800859E-01,0.000000E+00,0.000000E+00,0.000000E+00,0.000000E+00,0.000000E+00,0.000000E+00,0.000000E+00,0.000000E+00,2.219890E+01,2.112131E+01,2.389619E+01,5.414872E+01
15:30:00,3.250978E+03,2.095301E+03,1.155181E-01,2.072501E-01,0.000000E+00,0.000000E+00,0.000000E+00,0.000000E+00,0.000000E+00,0.000000E+00,0.000000E+00,0.000000E+00,2.219871E+01,2.186579E+01,2.389642E+01,5.295836E+01,1.634754E+03,1.203230E+03,5.808895E-02,1.190057E-01,0.000000E+00,0.000000E+00,0.000000E+00,0.000000E+00,0.000000E+00,0.000000E+00,0.000000E+00,0.000000E+00,2.219902E+01,2.228161E+01,2.389711E+01,5.168807E+01,3.791384E+03,2.553268E+03,1.347218E-01,2.525343E-01,0.000000E+00,0.000000E+00,0.000000E+00,0.000000E+00,0.000000E+00,0.000000E+00,0.000000E+00,0.000000E+00,2.219896E+01,2.229999E+01,2.389700E+01,5.184021E+01,1.403027E+03,1.111432E+03,4.985439E-02,1.099346E-01,0.000000E+00,0.000000E+00,0.000000E+00,0.000000E+00,0.000000E+00,0.000000E+00,0.000000E+00,0.000000E+00,2.219879E+01,2.185456E+01,2.389633E+01,5.241283E+01,3.193455E+03,2.841293E+03,1.134750E-01,2.810429E-01,0.000000E+00,0.000000E+00,0.000000E+00,0.000000E+00,0.000000E+00,0.000000E+00,0.000000E+00,0.000000E+00,2.219890E+01,2.112131E+01,2.389624E+01,5.420882E+01
15:45:00,3.250978E+03,2.108890E+03,1.155181E-01,2.085963E-01,0.000000E+00,0.000000E+00,0.000000E+00,0.000000E+00,0.000000E+00,0.000000E+00,0.000000E+00,0.000000E+00,2.219871E+01,2.186579E+01,2.389637E+01,5.296223E+01,1.634754E+03,1.189410E+03,5.808895E-02,1.176397E-01,0.000000E+00,0.000000E+00,0.000000E+00,0.000000E+00,0.000000E+00,0.000000E+00,0.000000E+00,0.000000E+00,2.219902E+01,2.228161E+01,2.389709E+01,5.174021E+01,3.791384E+03,2.531991E+03,1.347218E-01,2.504318E-01,0.000000E+00,0.000000E+00,0.000000E+00,0.000000E+00,0.000000E+00,0.000000E+00,0.000000E+00,0.000000E+00,2.219896E+01,2.229999E+01,2.389698E+01,5.188148E+01,1.403027E+03,1.135890E+03,4.985439E-02,1.123551E-01,0.000000E+00,0.000000E+00,0.000000E+00,0.000000E+00,0.000000E+00,0.000000E+00,0.000000E+00,0.000000E+00,2.219879E+01,2.185456E+01,2.389628E+01,5.235919E+01,3.193455E+03,2.848511E+03,1.134750E-01,2.817599E-01,0.000000E+00,0.000000E+00,0.000000E+00,0.000000E+00,0.000000E+00,0.000000E+00,0.000000E+00,0.000000E+00,2.219890E+01,2.112131E+01,2.389617E+01,5.424621E+01
16:00:00,3.250978E+03,2.117609E+03,1.155181E-01,2.094601E-01,0.000000E+00,0.000000E+00,0.000000E+00,0.000000E+00,0.000000E+00,0.000000E+00,0.000000E+00,0.000000E+00,2.219871E+01,2.186579E+01,2.389632E+01,5.294234E+01,1.634754E+03,1.173563E+03,5.808895E-02,1.160727E-01,0.000000E+00,0.000000E+00,0.000000E+00,0.000000E+00,0.000000E+00,0.000000E+00,0.000000E+00,0.000000E+00,2.219902E+01,2.228161E+01,2.389708E+01,5.178746E+01,3.791384E+03,2.504288E+03,1.347218E-01,2.476926E-01,0.000000E+00,0.000000E+00,0.000000E+00,0.000000E+00,0.000000E+00,0.000000E+00,0.000000E+00,0.000000E+00,2.219896E+01,2.229999E+01,2.389697E+01,5.191886E+01,1.403027E+03,1.157280E+03,4.985439E-02,1.144716E-01,0.000000E+00,0.000000E+00,0.000000E+00,0.000000E+00,0.000000E+00,0.000000E+00,0.000000E+00,0.000000E+00,2.219879E+01,2.185456E+01,2.389622E+01,5.228766E+01,3.193455E+03,2.851858E+03,1.134750E-01,2.820928E-01,0.000000E+00,0.000000E+00,0.000000E+00,0.000000E+00,0.000000E+00,0.000000E+00,0.000000E+00,0.000000E+00,2.219890E+01,2.112131E+01,2.389610E+01,5.424497E+01
16:15:00,3.250978E+03,2.101648E+03,1.155181E-01,2.078818E-01,0.000000E+00,0.000000E+00,0.000000E+00,0.000000E+00,0.000000E+00,0.000000E+00,0.000000E+00,0.000000E+00,2.219871E+01,2.186579E+01,2.389629E+01,5.290489E+01,1.634754E+03,1.147419E+03,5.808895E-02,1.134870E-01,0.000000E+00,0.000000E+00,0.000000E+00,0.000000E+00,0.000000E+00,0.000000E+00,0.000000E+00,0.000000E+00,2.219902E+01,2.228161E+01,2.389707E+01,5.182810E+01,3.791384E+03,2.451561E+03,1.347218E-01,2.424776E-01,0.000000E+00,0.000000E+00,0.000000E+00,0.000000E+00,0.000000E+00,0.000000E+00,0.000000E+00,0.000000E+00,2.219896E+01,2.229999E+01,2.389696E+01,5.195047E+01,1.403027E+03,1.166695E+03,4.985439E-02,1.154033E-01,0.000000E+00,0.000000E+00,0.000000E+00,0.000000E+00,0.000000E+00,0.000000E+00,0.000000E+00,0.000000E+00,2.219879E+01,2.185456E+01,2.389619E+01,5.220754E+01,3.193455E+03,2.814364E+03,1.134750E-01,2.783850E-01,0.000000E+00,0.000000E+00,0.000000E+00,0.000000E+00,0.000000E+00,0.000000E+00,0.000000E+00,0.000000E+00,2.219890E+01,2.112131E+01,2.389605E+01,5.421191E+01
16:30:00,3.250978E+03,2.079246E+03,1.155181E-01,2.056655E-01,0.000000E+00,0.000000E+00,0.000000E+00,0.000000E+00,0.000000E+00,0.000000E+00,0.000000E+00,0.000000E+00,2.219871E+01,2.186579E+01,2.389652E+01,5.296267E+01,1.634754E+03,1.119162E+03,5.808895E-02,1.106920E-01,0.000000E+00,0.000000E+00,0.000000E+00,0.000000E+00,0.000000E+00,0.000000E+00,0.000000E+00,0.000000E+00,2.219902E+01,2.228161E+01,2.389721E+01,5.194777E+01,3.791384E+03,2.393082E+03,1.347218E-01,2.366929E-01,0.000000E+00,0.000000E+00,0.000000E+00,0.000000E+00,0.000000E+00,0.000000E+00,0.000000E+00,0.000000E+00,2.219896E+01,2.229999E+01,2.389713E+01,5.206611E+01,1.403027E+03,1.171995E+03,4.985439E-02,1.159274E-01,0.000000E+00,0.000000E+00,0.000000E+00,0.000000E+00,0.000000E+00,0.000000E+00,0.000000E+00,0.000000E+00,2.219879E+01,2.185456E+01,2.389636E+01,5.220969E+01,3.193455E+03,2.771016E+03,1.134750E-01,2.740965E-01,0.000000E+00,0.000000E+00,0.000000E+00,0.000000E+00,0.000000E+00,0.000000E+00,0.000000E+00,0.000000E+00,2.219890E+01,2.112131E+01,2.389637E+01,5.429911E+01
16:45:00,3.250978E+03,2.048889E+03,1.155181E-01,2.026621E-01,0.000000E+00,0.000000E+00,0.000000E+00,0.000000E+00,0.000000E+00,0.000000E+00,0.000000E+00,0.000000E+00,2.219871E+01,2.186579E+01,2.389652E+01,5.304913E+01,1.634754E+03,1.088523E+03,5.808895E-02,1.076612E-01,0.000000E+00,0.000000E+00,0.000000E+00,0.000000E+00,0.000000E+00,0.000000E+00,0.000000E+00,0.000000E+00,2.219902E+01,2.228161E+01,2.389720E+01,5.208477E+01,3.791384E+03,2.328489E+03,1.347218E-01,2.303034E-01,0.000000E+00,0.000000E+00,0.000000E+00,0.000000E+00,0.000000E+00,0.000000E+00,0.000000E+00,0.000000E+00,2.219896E+01,2.229999E+01,2.389712E+01,5.220289E+01,1.403027E+03,1.172108E+03,4.985439E-02,1.159384E-01,0.000000E+00,0.000000E+00,0.000000E+00,0.000000E+00,0.000000E+00,0.000000E+00,0.000000E+00,0.000000E+00,2.219879E+01,2.185456E+01,2.389636E+01,5.223526E+01,3.193455E+03,2.719983E+03,1.134750E-01,2.690474E-01,0.000000E+00,0.000000E+00,0.000000E+00,0.000000E+00,0.000000E+00,0.000000E+00,0.000000E+00,0.000000E+00,2.219890E+01,2.112131E+01,2.389635E+01,5.442415E+01
17:00:00,3.250978E+03,2.011199E+03,1.155181E-01,1.989332E-01,0.000000E+00,0.000000E+00,0.000000E+00,0.000000E+00,0.000000E+00,0.000000E+00,0.000000E+00,0.000000E+00,2.219871E+01,2.186579E+01,2.389647E+01,5.311732E+01,1.634754E+03,1.055491E+03,5.808895E-02,1.043940E-01,0.000000E+00,0.000000E+00,0.000000E+00,0.000000E+00,0.000000E+00,0.000000E+00,0.000000E+00,0.000000E+00,2.219902E+01,2.228161E+01,2.389717E+01,5.220415E+01,3.791384E+03,2.257977E+03,1.347218E-01,2.233286E-01,0.000000E+00,0.000000E+00,0.000000E+00,0.000000E+00,0.000000E+00,0.000000E+00,0.000000E+00,0.000000E+00,2.219896E+01,2.229999E+01,2.389708E+01,5.232332E+01,1.403027E+03,1.167197E+03,4.985439E-02,1.154523E-01,0.000000E+00,0.000000E+00,0.000000E+00,0.000000E+00,0.000000E+00,0.000000E+00,0.000000E+00,0.000000E+00,2.219879E+01,2.185456E+01,2.389631E+01,5.224736E+01,3.193455E+03,2.661705E+03,1.134750E-01,2.632815E-01,0.000000E+00,0.000000E+00,0.000000E+00,0.000000E+00,0.000000E+00,0.000000E+00,0.000000E+00,0.000000E+00,2.219890E+01,2.112131E+01,2.389628E+01,5.451897E+01
17:15:00,3.250978E+03,2.005169E+03,1.155181E-01,1.983361E-01,0.000000E+00,0.000000E+00,0.000000E+00,0.000000E+00,0.000000E+00,0.000000E+00,0.000000E+00,0.000000E+00,2.219871E+01,2.186579E+01,2.389644E+01,5.316242E+01,1.634754E+03,1.037101E+03,5.808895E-02,1.025749E-01,0.000000E+00,0.000000E+00,0.000000E+00,0.000000E+00,0.000000E+00,0.000000E+00,0.000000E+00,0.000000E+00,2.219902E+01,2.228161E+01,2.389714E+01,5.230254E+01,3.791384E+03,2.221034E+03,1.347218E-01,2.196742E-01,0.000000E+00,0.000000E+00,0.000000E+00,0.000000E+00,0.000000E+00,0.000000E+00,0.000000E+00,0.000000E+00,2.219896E+01,2.229999E+01,2.389706E+01,5.242203E+01,1.403027E+03,1.174030E+03,4.985439E-02,1.161279E-01,0.000000E+00,0.000000E+00,0.000000E+00,0.000000E+00,0.000000E+00,0.000000E+00,0.000000E+00,0.000000E+00,2.219879E+01,2.185456E+01,2.389629E+01,5.224824E+01,3.193455E+03,2.668009E+03,1.134750E-01,2.639040E-01,0.000000E+00,0.000000E+00,0.000000E+00,0.000000E+00,0.000000E+00,0.000000E+00,0.000000E+00,0.000000E+00,2.219890E+01,2.112131E+01,2.389622E+01,5.457192E+01
17:30:00,3.250978E+03,1.992080E+03,1.155181E-01,1.970418E-01,0.000000E+00,0.000000E+00,0.000000E+00,0.000000E+00,0.000000E+00,0.000000E+00,0.000000E+00,0.000000E+00,2.219871E+01,2.186579E+01,2.389644E+01,5.319951E+01,1.634754E+03,1.016598E+03,5.808895E-02,1.005472E-01,0.000000E+00,0.000000E+00,0.000000E+00,0.000000E+00,0.000000E+00,0.000000E+00,0.000000E+00,0.000000E+00,2.219902E+01,2.228161E+01,2.389714E+01,5.239265E+01,3.791384E+03,2.179002E+03,1.347218E-01,2.155174E-01,0.000000E+00,0.000000E+00,0.000000E+00,0.000000E+00,0.000000E+00,0.000000E+00,0.000000E+00,0.000000E+00,2.219896E+01,2.229999E+01,2.389705E+01,5.251141E+01,1.403027E+03,1.175205E+03,4.985439E-02,1.162444E-01,0.000000E+00,0.000000E+00,0.000000E+00,0.000000E+00,0.000000E+00,0.000000E+00,0.000000E+00,0.000000E+00,2.219879E+01,2.185456E+01,2.389628E+01,5.225202E+01,3.193455E+03,2.666651E+03,1.134750E-01,2.637709E-01,0.000000E+00,0.000000E+00,0.000000E+00,0.000000E+00,0.000000E+00,0.000000E+00,0.000000E+00,0.000000E+00,2.219890E+01,2.112131E+01,2.389619E+01,5.459995E+01
17:45:00,3.250978E+03,1.971388E+03,1.155181E-01,1.949954E-01,0.000000E+00,0.000000E+00,0.000000E+00,0.000000E+00,0.000000E+00,0.000000E+00,0.000000E+00,0.000000E+00,2.219871E+01,2.186579E+01,2.389645E+01,5.324289E+01,1.634754E+03,9.948601E+02,5.808895E-02,9.839737E-02,0.000000E+00,0.000000E+00,0.000000E+00,0.000000E+00,0.000000E+00,0.000000E+00,0.000000E+00,0.000000E+00,2.219902E+01,2.228161E+01,2.389715E+01,5.248717E+01,3.791384E+03,2.134002E+03,1.347218E-01,2.110669E-01,0.000000E+00,0.000000E+00,0.000000E+00,0.000000E+00,0.000000E+00,0.000000E+00,0.000000E+00,0.000000E+00,2.219896E+01,2.229999E+01,2.389706E+01,5.260459E+01,1.403027E+03,1.169401E+03,4.985439E-02,1.156704E-01,0.000000E+00,0.000000E+00,0.000000E+00,0.000000E+00,0.000000E+00,0.000000E+00,0.000000E+00,0.000000E+00,2.219879E+01,2.185456E+01,2.389630E+01,5.226992E+01,3.193455E+03,2.656640E+03,1.134750E-01,2.627817E-01,0.000000E+00,0.000000E+00,0.000000E+00,0.000000E+00,0.000000E+00,0.000000E+00,0.000000E+00,0.000000E+00,2.219890E+01,2.112131E+01,2.389619E+01,5.462327E+01
18:00:00,3.250978E+03,1.941779E+03,1.155181E-01,1.920667E-01,0.000000E+00,0.000000E+00,0.000000E+00,0.000000E+00,0.000000E+00,0.000000E+00,0.000000E+00,0.000000E+00,2.219871E+01,2.186579E+01,2.389648E+01,5.330137E+01,1.634754E+03,9.705749E+02,5.808895E-02,9.599545E-02,0.000000E+00,0.000000E+00,0.000000E+00,0.000000E+00,0.000000E+00,0.000000E+00,0.000000E+00,0.000000E+00,2.219902E+01,2.228161E+01,2.389716E+01,5.259431E+01,3.791384E+03,2.083113E+03,1.347218E-01,2.060337E-01,0.000000E+00,0.000000E+00,0.000000E+00,0.000000E+00,0.000000E+00,0.000000E+00,0.000000E+00,0.000000E+00,2.219896E+01,2.229999E+01,2.389707E+01,5.271030E+01,1.403027E+03,1.155508E+03,4.985439E-02,1.142961E-01,0.000000E+00,0.000000E+00,0.000000E+00,0.000000E+00,0.000000E+00,0.000000E+00,0.000000E+00,0.000000E+00,2.219879E+01,2.185456E+01,2.389634E+01,5.230952E+01,3.193455E+03,2.636464E+03,1.134750E-01,2.607864E-01,0.000000E+00,0.000000E+00,0.000000E+00,0.000000E+00,0.000000E+00,0.000000E+00,0.000000E+00,0.000000E+00,2.219890E+01,2.112131E+01,2.389621E+01,5.465632E+01
18:15:00,3.250978E+03,1.770065E+03,1.155181E-01,1.750816E-01,0.000000E+00,0.000000E+00,0.000000E+00,0.000000E+00,0.000000E+00,0.000000E+00,0.000000E+00,0.000000E+00,2.219871E+01,2.186579E+01,2.389652E+01,5.338077E+01,1.634754E+03,8.828878E+02,5.808895E-02,8.732262E-02,0.000000E+00,0.000000E+00,0.000000E+00,0.000000E+00,0.000000E+00,0.000000E+00,0.000000E+00,0.000000E+00,2.219902E+01,2.228161E+01,2.389719E+01,5.271939E+01,3.791384E+03,1.890668E+03,1.347218E-01,1.869994E-01,0.000000E+00,0.000000E+00,0.000000E+00,0.000000E+00,0.000000E+00,0.000000E+00,0.000000E+00,0.000000E+00,2.219896E+01,2.229999E+01,2.389710E+01,5.283414E+01,1.403027E+03,1.070793E+03,4.985439E-02,1.059164E-01,0.000000E+00,0.000000E+00,0.000000E+00,0.000000E+00,0.000000E+00,0.000000E+00,0.000000E+00,0.000000E+00,2.219879E+01,2.185456E+01,2.389639E+01,5.237836E+01,3.193455E+03,2.375169E+03,1.134750E-01,2.349403E-01,0.000000E+00,0.000000E+00,0.000000E+00,0.000000E+00,0.000000E+00,0.000000E+00,0.000000E+00,0.000000E+00,2.219890E+01,2.112131E+01,2.389624E+01,5.470834E+01
18:30:00,3.250978E+03,1.578165E+03,1.155181E-01,1.560972E-01,0.000000E+00,0.000000E+00,0.000000E+00,0.000000E+00,0.000000E+00,0.000000E+00,0.000000E+00,0.000000E+00,2.219871E+01,2.186579E+01,2.389746E+01,5.317721E+01,1.634754E+03,7.846750E+02,5.808895E-02,7.760769E-02,0.000000E+00,0.000000E+00,0.000000E+00,0.000000E+00,0.000000E+00,0.000000E+00,0.000000E+00,0.000000E+00,2.219902E+01,2.228161E+01,2.389789E+01,5.247902E+01,3.791384E+03,1.675827E+03,1.347218E-01,1.657477E-01,0.000000E+00,0.000000E+00,0.000000E+00,0.000000E+00,0.000000E+00,0.000000E+00,0.000000E+00,0.000000E+00,2.219896E+01,2.229999E+01,2.389785E+01,5.261973E+01,1.403027E+03,9.690353E+02,4.985439E-02,9.584944E-02,0.000000E+00,0.000000E+00,0.000000E+00,0.000000E+00,0.000000E+00,0.000000E+00,0.000000E+00,0.000000E+00,2.219879E+01,2.185456E+01,2.389715E+01,5.213206E+01,3.193455E+03,2.090721E+03,1.134750E-01,2.067989E-01,0.000000E+00,0.000000E+00,0.000000E+00,0.000000E+00,0.000000E+00,0.000000E+00,0.000000E+00,0.000000E+00,2.219890E+01,2.112131E+01,2.389751E+01,5.452601E+01
18:45:00,3.250978E+03,1.363971E+03,1.155181E-01,1.349071E-01,0.000000E+00,0.000000E+00,0.000000E+00,0.000000E+00,0.000000E+00,0.000000E+00,0.000000E+00,0.000000E+00,2.219871E+01,2.186579E+01,2.389781E+01,5.294867E+01,1.634754E+03,6.767512E+02,5.808895E-02,6.693199E-02,0.000000E+00,0.000000E+00,0.000000E+00,0.000000E+00,0.000000E+00,0.000000E+00,0.000000E+00,0.000000E+00,2.219902E+01,2.228161E+01,2.389822E+01,5.220151E+01,3.791384E+03,1.440383E+03,1.347218E-01,1.424576E-01,0.000000E+00,0.000000E+00,0.000000E+00,0.000000E+00,0.000000E+00,0.000000E+00,0.000000E+00,0.000000E+00,2.219896E+01,2.229999E+01,2.389818E+01,5.236670E+01,1.403027E+03,8.477442E+02,4.985439E-02,8.384988E-02,0.000000E+00,0.000000E+00,0.000000E+00,0.000000E+00,0.000000E+00,0.000000E+00,0.000000E+00,0.000000E+00,2.219879E+01,2.185456E+01,2.389759E+01,5.190190E+01,3.193455E+03,1.780059E+03,1.134750E-01,1.760641E-01,0.000000E+00,0.000000E+00,0.000000E+00,0.000000E+00,0.000000E+00,0.000000E+00,0.000000E+00,0.000000E+00,2.219890E+01,2.112131E+01,2.389782E+01,5.429977E+01
19:00:00,3.250978E+03,1.127449E+03,1.155181E-01,1.115083E-01,0.000000E+00,0.000000E+00,0.000000E+00,0.000000E+00,0.000000E+00,0.000000E+00,0.000000E+00,0.000000E+00,2.219871E+01,2.186579E+01,2.389812E+01,5.287011E+01,1.634754E+03,5.611796E+02,5.808895E-02,5.549974E-02,0.000000E+00,0.000000E+00,0.000000E+00,0.000000E+00,0.000000E+00,0.000000E+00,0.000000E+00,0.000000E+00,2.219902E+01,2.228161E+01,2.389850E+01,5.210682E+01,3.791384E+03,1.188954E+03,1.347218E-01,1.175862E-01,0.000000E+00,0.000000E+00,0.000000E+00,0.000000E+00,0.000000E+00,0.000000E+00,0.000000E+00,0.000000E+00,2.219896E+01,2.229999E+01,2.389846E+01,5.228058E+01,1.403027E+03,7.071187E+02,4.985439E-02,6.993775E-02,0.000000E+00,0.000000E+00,0.000000E+00,0.000000E+00,0.000000E+00,0.000000E+00,0.000000E+00,0.000000E+00,2.219879E+01,2.185456E+01,2.389800E+01,5.188244E+01,3.193455E+03,1.443652E+03,1.134750E-01,1.427826E-01,0.000000E+00,0.000000E+00,0.000000E+00,0.000000E+00,0.000000E+00,0.000000E+00,0.000000E+00,0.000000E+00,2.219890E+01,2.112131E+01,2.389807E+01,5.417789E+01
19:15:00,3.250978E+03,9.226373E+02,1.155181E-01,9.124768E-02,0.000000E+00,0.000000E+00,0.000000E+00,0.000000E+00,0.000000E+00,0.000000E+00,0.000000E+00,0.000000E+00,2.219871E+01,2.186579E+01,2.389838E+01,5.297769E+01,1.634754E+03,4.602989E+02,5.808895E-02,4.552113E-02,0.000000E+00,0.000000E+00,0.000000E+00,0.000000E+00,0.000000E+00,0.000000E+00,0.000000E+00,0.000000E+00,2.219902E+01,2.228161E+01,2.389871E+01,5.222243E+01,3.791384E+03,9.729591E+02,1.347218E-01,9.622092E-02,0.000000E+00,0.000000E+00,0.000000E+00,0.000000E+00,0.000000E+00,0.000000E+00,0.000000E+00,0.000000E+00,2.219896E+01,2.229999E+01,2.389866E+01,5.239144E+01,1.403027E+03,5.791010E+02,4.985439E-02,5.727352E-02,0.000000E+00,0.000000E+00,0.000000E+00,0.000000E+00,0.000000E+00,0.000000E+00,0.000000E+00,0.000000E+00,2.219879E+01,2.185456E+01,2.389833E+01,5.208840E+01,3.193455E+03,1.169454E+03,1.134750E-01,1.156576E-01,0.000000E+00,0.000000E+00,0.000000E+00,0.000000E+00,0.000000E+00,0.000000E+00,0.000000E+00,0.000000E+00,2.219890E+01,2.112131E+01,2.389830E+01,5.420936E+01
19:30:00,3.250978E+03,7.189684E+02,1.155181E-01,7.110270E-02,0.000000E+00,0.000000E+00,0.000000E+00,0.000000E+00,0.000000E+00,0.000000E+00,0.000000E+00,0.000000E+00,2.219871E+01,2.186579E+01,2.389913E+01,5.270807E+01,1.634754E+03,3.608213E+02,5.808895E-02,3.568230E-02,0.000000E+00,0.000000E+00,0.000000E+00,0.000000E+00,0.000000E+00,0.000000E+00,0.000000E+00,0.000000E+00,2.219902E+01,2.228161E+01,2.389927E+01,5.187052E+01,3.791384E+03,7.609311E+02,1.347218E-01,7.525018E-02,0.000000E+00,0.000000E+00,0.000000E+00,0.000000E+00,0.000000E+00,0.000000E+00,0.000000E+00,0.000000E+00,2.219896E+01,2.229999E+01,2.389926E+01,5.206181E+01,1.403027E+03,4.541622E+02,4.985439E-02,4.491517E-02,0.000000E+00,0.000000E+00,0.000000E+00,0.000000E+00,0.000000E+00,0.000000E+00,0.000000E+00,0.000000E+00,2.219879E+01,2.185456E+01,2.389896E+01,5.188320E+01,3.193455E+03,8.959551E+02,1.134750E-01,8.860617E-02,0.000000E+00,0.000000E+00,0.000000E+00,0.000000E+00,0.000000E+00,0.000000E+00,0.000000E+00,0.000000E+00,2.219890E+01,2.112131E+01,2.389926E+01,5.387593E+01
19:45:00,3.250978E+03,5.258937E+02,1.155181E-01,5.200661E-02,0.000000E+00,0.000000E+00,0.000000E+00,0.000000E+00,0.000000E+00,0.000000E+00,0.000000E+00,0.000000E+00,2.219871E+01,2.186579E+01,2.389936E+01,5.229746E+01,1.634754E+03,2.656156E+02,5.808895E-02,2.626645E-02,0.000000E+00,0.000000E+00,0.000000E+00,0.000000E+00,0.000000E+00,0.000000E+00,0.000000E+00,0.000000E+00,2.219902E+01,2.228161E+01,2.389949E+01,5.133053E+01,3.791384E+03,5.588303E+02,1.347218E-01,5.526233E-02,0.000000E+00,0.000000E+00,0.000000E+00,0.000000E+00,0.000000E+00,0.000000E+00,0.000000E+00,0.000000E+00,2.219896E+01,2.229999E+01,2.389948E+01,5.154982E+01,1.403027E+03,3.394931E+02,4.985439E-02,3.357340E-02,0.000000E+00,0.000000E+00,0.000000E+00,0.000000E+00,0.000000E+00,0.000000E+00,0.000000E+00,0.000000E+00,2.219879E+01,2.185456E+01,2.389922E+01,5.153449E+01,3.193455E+03,6.336867E+02,1.134750E-01,6.266669E-02,0.000000E+00,0.000000E+00,0.000000E+00,0.000000E+00,0.000000E+00,0.000000E+00,0.000000E+00,0.000000E+00,2.219890E+01,2.112131E+01,2.389945E+01,5.338055E+01
20:00:00,3.250978E+03,3.489982E+02,1.155181E-01,3.451144E-02,0.000000E+00,0.000000E+00,0.000000E+00,0.000000E+00,0.000000E+00,0.000000E+00,0.000000E+00,0.000000E+00,2.219871E+01,2.186579E+01,2.389966E+01,5.187176E+01,1.634754E+03,1.755178E+02,5.808895E-02,1.735615E-02,0.000000E+00,0.000000E+00,0.000000E+00,0.000000E+00,0.000000E+00,0.000000E+00,0.000000E+00,0.000000E+00,2.219902E+01,2.228161E+01,2.389976E+01,5.076736E+01,3.791384E+03,3.680255E+02,1.347218E-01,3.639241E-02,0.000000E+00,0.000000E+00,0.000000E+00,0.000000E+00,0.000000E+00,0.000000E+00,0.000000E+00,0.000000E+00,2.219896E+01,2.229999E+01,2.389975E+01,5.100720E+01,1.403027E+03,2.393613E+02,4.985439E-02,2.367000E-02,0.000000E+00,0.000000E+00,0.000000E+00,0.000000E+00,0.000000E+00,0.000000E+00,0.000000E+00,0.000000E+00,2.219879E+01,2.185456E+01,2.389958E+01,5.120832E+01,3.193455E+03,3.889090E+02,1.134750E-01,3.845794E-02,0.000000E+00,0.000000E+00,0.000000E+00,0.000000E+00,0.000000E+00,0.000000E+00,0.000000E+00,0.000000E+00,2.219890E+01,2.112131E+01,2.389971E+01,5.281312E+01
20:15:00,3.250978E+03,2.285216E+02,1.155181E-01,2.259709E-02,0.000000E+00,0.000000E+00,0.000000E+00,0.000000E+00,0.000000E+00,0.000000E+00,0.000000E+00,0.000000E+00,2.219871E+01,2.186579E+01,2.388589E+01,5.174963E+01,1.634754E+03,1.122420E+02,5.808895E-02,1.109879E-02,0.000000E+00,0.000000E+00,0.000000E+00,0.000000E+00,0.000000E+00,0.000000E+00,0.000000E+00,0.000000E+00,2.219902E+01,2.228161E+01,2.388738E+01,5.059057E+01,3.791384E+03,2.363740E+02,1.347218E-01,2.337331E-02,0.000000E+00,0.000000E+00,0.000000E+00,0.000000E+00,0.000000E+00,0.000000E+00,0.000000E+00,0.000000E+00,2.219896E+01,2.229999E+01,2.388366E+01,5.084549E+01,1.403027E+03,1.634921E+02,4.985439E-02,1.616691E-02,0.000000E+00,0.000000E+00,0.000000E+00,0.000000E+00,0.000000E+00,0.000000E+00,0.000000E+00,0.000000E+00,2.219879E+01,2.185456E+01,2.389985E+01,5.112060E+01,3.193455E+03,2.572502E+02,1.134750E-01,2.543764E-02,0.000000E+00,0.000000E+00,0.000000E+00,0.000000E+00,0.000000E+00,0.000000E+00,0.000000E+00,0.000000E+00,2.219890E+01,2.112131E+01,2.386398E+01,5.265239E+01
20:30:00,3.250978E+03,1.333173E+02,1.155181E-01,1.318272E-02,0.000000E+00,0.000000E+00,0.000000E+00,0.000000E+00,0.000000E+00,0.000000E+00,0.000000E+00,0.000000E+00,2.219871E+01,2.186579E+01,2.383584E+01,5.189864E+01,1.634754E+03,6.373187E+01,5.808895E-02,6.301885E-03,0.000000E+00,0.000000E+00,0.000000E+00,0.000000E+00,0.000000E+00,0.000000E+00,0.000000E+00,0.000000E+00,2.219902E+01,2.228161E+01,2.384625E+01,5.065051E+01,3.791384E+03,1.349298E+02,1.347218E-01,1.334204E-02,0.000000E+00,0.000000E+00,0.000000E+00,0.000000E+00,0.000000E+00,0.000000E+00,0.000000E+00,0.000000E+00,2.219896E+01,2.229999E+01,2.383046E+01,5.094322E+01,1.403027E+03,9.797929E+01,4.985439E-02,9.688505E-03,0.000000E+00,0.000000E+00,0.000000E+00,0.000000E+00,0.000000E+00,0.000000E+00,0.000000E+00,0.000000E+00,2.219879E+01,2.185456E+01,2.388833E+01,5.125014E+01,3.193455E+03,1.515473E+02,1.134750E-01,1.498525E-02,0.000000E+00,0.000000E+00,0.000000E+00,0.000000E+00,0.000000E+00,0.000000E+00,0.000000E+00,0.000000E+00,2.219890E+01,2.112131E+01,2.373346E+01,5.291575E+01
20:45:00,3.250978E+03,5.817854E+01,1.155181E-01,5.752732E-03,0.000000E+00,0.000000E+00,0.000000E+00,0.000000E+00,0.000000E+00,0.000000E+00,0.000000E+00,0.000000E+00,2.219871E+01,2.186579E+01,2.378846E+01,5.210582E+01,1.634754E+03,2.700241E+01,5.808895E-02,2.669990E-03,0.000000E+00,0.000000E+00,0.000000E+00,0.000000E+00,0.000000E+00,0.000000E+00,0.000000E+00,0.000000E+00,2.219902E+01,2.228161E+01,2.380121E+01,5.079133E+01,3.791384E+03,5.751130E+01,1.347218E-01,5.686706E-03,0.000000E+00,0.000000E+00,0.000000E+00,0.000000E+00,0.000000E+00,0.000000E+00,0.000000E+00,0.000000E+00,2.219896E+01,2.229999E+01,2.378283E+01,5.109266E+01,1.403027E+03,4.605343E+01,4.985439E-02,4.553815E-03,0.000000E+00,0.000000E+00,0.000000E+00,0.000000E+00,0.000000E+00,0.000000E+00,0.000000E+00,0.000000E+00,2.219879E+01,2.185456E+01,2.384403E+01,5.156096E+01,3.193455E+03,6.700220E+01,1.134750E-01,6.625190E-03,0.000000E+00,0.000000E+00,0.000000E+00,0.000000E+00,0.000000E+00,0.000000E+00,0.000000E+00,0.000000E+00,2.219890E+01,2.112131E+01,2.365580E+01,5.308912E+01
21:00:00,3.250978E+03,0.000000E+00,1.155181E-01,0.000000E+00,0.000000E+00,0.000000E+00,0.000000E+00,0.000000E+00,0.000000E+00,0.000000E+00,0.000000E+00,0.000000E+00,2.219871E+01,2.186579E+01,2.370771E+01,5.240806E+01,1.634754E+03,0.000000E+00,5.808895E-02,0.000000E+00,0.000000E+00,0.000000E+00,0.000000E+00,0.000000E+00,0.000000E+00,0.000000E+00,0.000000E+00,0.000000E+00,2.219902E+01,2.228161E+01,2.372272E+01,5.103414E+01,3.791384E+03,0.000000E+00,1.347218E-01,0.000000E+00,0.000000E+00,0.000000E+00,0.000000E+00,0.000000E+00,0.000000E+00,0.000000E+00,0.000000E+00,0.000000E+00,2.219896E+01,2.229999E+01,2.370485E+01,5.133535E+01,1.403027E+03,5.831733E+00,4.985439E-02,5.766350E-04,0.000000E+00,0.000000E+00,0.000000E+00,0.000000E+00,0.000000E+00,0.000000E+00,0.000000E+00,0.000000E+00,2.219879E+01,2.185456E+01,2.378643E+01,5.188742E+01,3.193455E+03,0.000000E+00,1.134750E-01,0.000000E+00,0.000000E+00,0.000000E+00,0.000000E+00,0.000000E+00,0.000000E+00,0.000000E+00,0.000000E+00,0.000000E+00,2.219890E+01,2.112131E+01,2.359356E+01,5.322834E+01
21:15:00,3.250978E+03,0.000000E+00,1.155181E-01,0.000000E+00,0.000000E+00,0.000000E+00,0.000000E+00,0.000000E+00,0.000000E+00,0.000000E+00,0.000000E+00,0.000000E+00,2.219871E+01,2.186579E+01,2.359269E+01,5.281113E+01,1.634754E+03,0.000000E+00,5.808895E-02,0.000000E+00,0.000000E+00,0.000000E+00,0.000000E+00,0.000000E+00,0.000000E+00,0.000000E+00,0.000000E+00,0.000000E+00,2.219902E+01,2.228161E+01,2.361858E+01,5.135519E+01,3.791384E+03,0.000000E+00,1.347218E-01,0.000000E+00,0.000000E+00,0.000000E+00,0.000000E+00,0.000000E+00,0.000000E+00,0.000000E+00,0.000000E+00,0.000000E+00,2.219896E+01,2.229999E+01,2.359800E+01,5.166678E+01,1.403027E+03,0.000000E+00,4.985439E-02,0.000000E+00,0.000000E+00,0.000000E+00,0.000000E+00,0.000000E+00,0.000000E+00,0.000000E+00,0.000000E+00,0.000000E+00,2.219879E+01,2.185456E+01,2.367477E+01,5.234901E+01,3.193455E+03,0.000000E+00,1.134750E-01,0.000000E+00,0.000000E+00,0.000000E+00,0.000000E+00,0.000000E+00,0.000000E+00,0.000000E+00,0.000000E+00,0.000000E+00,2.219890E+01,2.112131E+01,2.350119E+01,5.347580E+01
21:30:00,3.250978E+03,0.000000E+00,1.155181E-01,0.000000E+00,0.000000E+00,0.000000E+00,0.000000E+00,0.000000E+00,0.000000E+00,0.000000E+00,0.000000E+00,0.000000E+00,2.219871E+01,2.186579E+01,2.343096E+01,5.336128E+01,1.634754E+03,0.000000E+00,5.808895E-02,0.000000E+00,0.000000E+00,0.000000E+00,0.000000E+00,0.000000E+00,0.000000E+00,0.000000E+00,0.000000E+00,0.000000E+00,2.219902E+01,2.228161E+01,2.347787E+01,5.179253E+01,3.791384E+03,0.000000E+00,1.347218E-01,0.000000E+00,0.000000E+00,0.000000E+00,0.000000E+00,0.000000E+00,0.000000E+00,0.000000E+00,0.000000E+00,0.000000E+00,2.219896E+01,2.229999E+01,2.345181E+01,5.212409E+01,1.403027E+03,0.000000E+00,4.985439E-02,0.000000E+00,0.000000E+00,0.000000E+00,0.000000E+00,0.000000E+00,0.000000E+00,0.000000E+00,0.000000E+00,0.000000E+00,2.219879E+01,2.185456E+01,2.349710E+01,5.299866E+01,3.193455E+03,0.000000E+00,1.134750E-01,0.000000E+00,0.000000E+00,0.000000E+00,0.000000E+00,0.000000E+00,0.000000E+00,0.000000E+00,0.000000E+00,0.000000E+00,2.219890E+01,2.112131E+01,2.335936E+01,5.389540E+01
21:45:00,3.250978E+03,0.000000E+00,1.155181E-01,0.000000E+00,0.000000E+00,0.000000E+00,0.000000E+00,0.000000E+00,0.000000E+00,0.000000E+00,0.000000E+00,0.000000E+00,2.219871E+01,2.186579E+01,2.325721E+01,5.394861E+01,1.634754E+03,0.000000E+00,5.808895E-02,0.000000E+00,0.000000E+00,0.000000E+00,0.000000E+00,0.000000E+00,0.000000E+00,0.000000E+00,0.000000E+00,0.000000E+00,2.219902E+01,2.228161E+01,2.333549E+01,5.223945E+01,3.791384E+03,0.000000E+00,1.347218E-01,0.000000E+00,0.000000E+00,0.000000E+00,0.000000E+00,0.000000E+00,0.000000E+00,0.000000E+00,0.000000E+00,0.000000E+00,2.219896E+01,2.229999E+01,2.330067E+01,5.260176E+01,1.403027E+03,0.000000E+00,4.985439E-02,0.000000E+00,0.000000E+00,0.000000E+00,0.000000E+00,0.000000E+00,0.000000E+00,0.000000E+00,0.000000E+00,0.000000E+00,2.219879E+01,2.185456E+01,2.331541E+01,5.364397E+01,3.193455E+03,0.000000E+00,1.134750E-01,0.000000E+00,0.000000E+00,0.000000E+00,0.000000E+00,0.000000E+00,0.000000E+00,0.000000E+00,0.000000E+00,0.000000E+00,2.219890E+01,2.112131E+01,2.319106E+01,5.441702E+01
22:00:00,3.250978E+03,0.000000E+00,1.155181E-01,0.000000E+00,0.000000E+00,0.000000E+00,0.000000E+00,0.000000E+00,0.000000E+00,0.000000E+00,0.000000E+00,0.000000E+00,2.219871E+01,2.186579E+01,2.312250E+01,5.440742E+01,1.634754E+03,0.000000E+00,5.808895E-02,0.000000E+00,0.000000E+00,0.000000E+00,0.000000E+00,0.000000E+00,0.000000E+00,0.000000E+00,0.000000E+00,0.000000E+00,2.219902E+01,2.228161E+01,2.322101E+01,5.260195E+01,3.791384E+03,0.000000E+00,1.347218E-01,0.000000E+00,0.000000E+00,0.000000E+00,0.000000E+00,0.000000E+00,0.000000E+00,0.000000E+00,0.000000E+00,0.000000E+00,2.219896E+01,2.229999E+01,2.318061E+01,5.298472E+01,1.403027E+03,0.000000E+00,4.985439E-02,0.000000E+00,0.000000E+00,0.000000E+00,0.000000E+00,0.000000E+00,0.000000E+00,0.000000E+00,0.000000E+00,0.000000E+00,2.219879E+01,2.185456E+01,2.317373E+01,5.414610E+01,3.193455E+03,0.000000E+00,1.134750E-01,0.000000E+00,0.000000E+00,0.000000E+00,0.000000E+00,0.000000E+00,0.000000E+00,0.000000E+00,0.000000E+00,0.000000E+00,2.219890E+01,2.112131E+01,2.305927E+01,5.483191E+01
22:15:00,3.250978E+03,0.000000E+00,1.155181E-01,0.000000E+00,0.000000E+00,0.000000E+00,0.000000E+00,0.000000E+00,0.000000E+00,0.000000E+00,0.000000E+00,0.000000E+00,2.219871E+01,2.186579E+01,2.297609E+01,5.491191E+01,1.634754E+03,0.000000E+00,5.808895E-02,0.000000E+00,0.000000E+00,0.000000E+00,0.000000E+00,0.000000E+00,0.000000E+00,0.000000E+00,0.000000E+00,0.000000E+00,2.219902E+01,2.228161E+01,2.309568E+01,5.300205E+01,3.791384E+03,0.000000E+00,1.347218E-01,0.000000E+00,0.000000E+00,0.000000E+00,0.000000E+00,0.000000E+00,0.000000E+00,0.000000E+00,0.000000E+00,0.000000E+00,2.219896E+01,2.229999E+01,2.304944E+01,5.340674E+01,1.403027E+03,0.000000E+00,4.985439E-02,0.000000E+00,0.000000E+00,0.000000E+00,0.000000E+00,0.000000E+00,0.000000E+00,0.000000E+00,0.000000E+00,0.000000E+00,2.219879E+01,2.185456E+01,2.302125E+01,5.469241E+01,3.193455E+03,0.000000E+00,1.134750E-01,0.000000E+00,0.000000E+00,0.000000E+00,0.000000E+00,0.000000E+00,0.000000E+00,0.000000E+00,0.000000E+00,0.000000E+00,2.219890E+01,2.112131E+01,2.291346E+01,5.529465E+01
22:30:00,3.250978E+03,0.000000E+00,1.155181E-01,0.000000E+00,0.000000E+00,0.000000E+00,0.000000E+00,0.000000E+00,0.000000E+00,0.000000E+00,0.000000E+00,0.000000E+00,2.219871E+01,2.186579E+01,2.285416E+01,5.533568E+01,1.634754E+03,0.000000E+00,5.808895E-02,0.000000E+00,0.000000E+00,0.000000E+00,0.000000E+00,0.000000E+00,0.000000E+00,0.000000E+00,0.000000E+00,0.000000E+00,2.219902E+01,2.228161E+01,2.298424E+01,5.336069E+01,3.791384E+03,0.000000E+00,1.347218E-01,0.000000E+00,0.000000E+00,0.000000E+00,0.000000E+00,0.000000E+00,0.000000E+00,0.000000E+00,0.000000E+00,0.000000E+00,2.219896E+01,2.229999E+01,2.293540E+01,5.377672E+01,1.403027E+03,0.000000E+00,4.985439E-02,0.000000E+00,0.000000E+00,0.000000E+00,0.000000E+00,0.000000E+00,0.000000E+00,0.000000E+00,0.000000E+00,0.000000E+00,2.219879E+01,2.185456E+01,2.289148E+01,5.515857E+01,3.193455E+03,0.000000E+00,1.134750E-01,0.000000E+00,0.000000E+00,0.000000E+00,0.000000E+00,0.000000E+00,0.000000E+00,0.000000E+00,0.000000E+00,0.000000E+00,2.219890E+01,2.112131E+01,2.279671E+01,5.566825E+01
22:45:00,3.250978E+03,0.000000E+00,1.155181E-01,0.000000E+00,0.000000E+00,0.000000E+00,0.000000E+00,0.000000E+00,0.000000E+00,0.000000E+00,0.000000E+00,0.000000E+00,2.219871E+01,2.186579E+01,2.274323E+01,5.572270E+01,1.634754E+03,0.000000E+00,5.808895E-02,0.000000E+00,0.000000E+00,0.000000E+00,0.000000E+00,0.000000E+00,0.000000E+00,0.000000E+00,0.000000E+00,0.000000E+00,2.219902E+01,2.228161E+01,2.287730E+01,5.370739E+01,3.791384E+03,0.000000E+00,1.347218E-01,0.000000E+00,0.000000E+00,0.000000E+00,0.000000E+00,0.000000E+00,0.000000E+00,0.000000E+00,0.000000E+00,0.000000E+00,2.219896E+01,2.229999E+01,2.282743E+01,5.412964E+01,1.403027E+03,0.000000E+00,4.985439E-02,0.000000E+00,0.000000E+00,0.000000E+00,0.000000E+00,0.000000E+00,0.000000E+00,0.000000E+00,0.000000E+00,0.000000E+00,2.219879E+01,2.185456E+01,2.277210E+01,5.558617E+01,3.193455E+03,0.000000E+00,1.134750E-01,0.000000E+00,0.000000E+00,0.000000E+00,0.000000E+00,0.000000E+00,0.000000E+00,0.000000E+00,0.000000E+00,0.000000E+00,2.219890E+01,2.112131E+01,2.269493E+01,5.599773E+01
23:00:00,3.250978E+03,0.000000E+00,1.155181E-01,0.000000E+00,0.000000E+00,0.000000E+00,0.000000E+00,0.000000E+00,0.000000E+00,0.000000E+00,0.000000E+00,0.000000E+00,2.219871E+01,2.186579E+01,2.263855E+01,5.608878E+01,1.634754E+03,0.000000E+00,5.808895E-02,0.000000E+00,0.000000E+00,0.000000E+00,0.000000E+00,0.000000E+00,0.000000E+00,0.000000E+00,0.000000E+00,0.000000E+00,2.219902E+01,2.228161E+01,2.277368E+01,5.404576E+01,3.791384E+03,0.000000E+00,1.347218E-01,0.000000E+00,0.000000E+00,0.000000E+00,0.000000E+00,0.000000E+00,0.000000E+00,0.000000E+00,0.000000E+00,0.000000E+00,2.219896E+01,2.229999E+01,2.272311E+01,5.447313E+01,1.403027E+03,0.000000E+00,4.985439E-02,0.000000E+00,0.000000E+00,0.000000E+00,0.000000E+00,0.000000E+00,0.000000E+00,0.000000E+00,0.000000E+00,0.000000E+00,2.219879E+01,2.185456E+01,2.266020E+01,5.598578E+01,3.193455E+03,0.000000E+00,1.134750E-01,0.000000E+00,0.000000E+00,0.000000E+00,0.000000E+00,0.000000E+00,0.000000E+00,0.000000E+00,0.000000E+00,0.000000E+00,2.219890E+01,2.112131E+01,2.260045E+01,5.630768E+01
23:15:00,3.250978E+03,0.000000E+00,1.155181E-01,0.000000E+00,0.000000E+00,0.000000E+00,0.000000E+00,0.000000E+00,0.000000E+00,0.000000E+00,0.000000E+00,0.000000E+00,2.219871E+01,2.186579E+01,2.253963E+01,5.643560E+01,1.634754E+03,0.000000E+00,5.808895E-02,0.000000E+00,0.000000E+00,0.000000E+00,0.000000E+00,0.000000E+00,0.000000E+00,0.000000E+00,0.000000E+00,0.000000E+00,2.219902E+01,2.228161E+01,2.267437E+01,5.437234E+01,3.791384E+03,0.000000E+00,1.347218E-01,0.000000E+00,0.000000E+00,0.000000E+00,0.000000E+00,0.000000E+00,0.000000E+00,0.000000E+00,0.000000E+00,0.000000E+00,2.219896E+01,2.229999E+01,2.262315E+01,5.480456E+01,1.403027E+03,0.000000E+00,4.985439E-02,0.000000E+00,0.000000E+00,0.000000E+00,0.000000E+00,0.000000E+00,0.000000E+00,0.000000E+00,0.000000E+00,0.000000E+00,2.219879E+01,2.185456E+01,2.255582E+01,5.635809E+01,3.193455E+03,0.000000E+00,1.134750E-01,0.000000E+00,0.000000E+00,0.000000E+00,0.000000E+00,0.000000E+00,0.000000E+00,0.000000E+00,0.000000E+00,0.000000E+00,2.219890E+01,2.112131E+01,2.251116E+01,5.660429E+01
23:30:00,3.250978E+03,0.000000E+00,1.155181E-01,0.000000E+00,0.000000E+00,0.000000E+00,0.000000E+00,0.000000E+00,0.000000E+00,0.000000E+00,0.000000E+00,0.000000E+00,2.219871E+01,2.186579E+01,2.244642E+01,5.676334E+01,1.634754E+03,0.000000E+00,5.808895E-02,0.000000E+00,0.000000E+00,0.000000E+00,0.000000E+00,0.000000E+00,0.000000E+00,0.000000E+00,0.000000E+00,0.000000E+00,2.219902E+01,2.228161E+01,2.257961E+01,5.468602E+01,3.791384E+03,0.000000E+00,1.347218E-01,0.000000E+00,0.000000E+00,0.000000E+00,0.000000E+00,0.000000E+00,0.000000E+00,0.000000E+00,0.000000E+00,0.000000E+00,2.219896E+01,2.229999E+01,2.252789E+01,5.512251E+01,1.403027E+03,0.000000E+00,4.985439E-02,0.000000E+00,0.000000E+00,0.000000E+00,0.000000E+00,0.000000E+00,0.000000E+00,0.000000E+00,0.000000E+00,0.000000E+00,2.219879E+01,2.185456E+01,2.245852E+01,5.670500E+01,3.193455E+03,0.000000E+00,1.134750E-01,0.000000E+00,0.000000E+00,0.000000E+00,0.000000E+00,0.000000E+00,0.000000E+00,0.000000E+00,0.000000E+00,0.000000E+00,2.219890E+01,2.112131E+01,2.242697E+01,5.688712E+01
23:45:00,3.250978E+03,0.000000E+00,1.155181E-01,0.000000E+00,0.000000E+00,0.000000E+00,0.000000E+00,0.000000E+00,0.000000E+00,0.000000E+00,0.000000E+00,0.000000E+00,2.219871E+01,2.186579E+01,2.235840E+01,5.707375E+01,1.634754E+03,0.000000E+00,5.808895E-02,0.000000E+00,0.000000E+00,0.000000E+00,0.000000E+00,0.000000E+00,0.000000E+00,0.000000E+00,0.000000E+00,0.000000E+00,2.219902E+01,2.228161E+01,2.248902E+01,5.498780E+01,3.791384E+03,0.000000E+00,1.347218E-01,0.000000E+00,0.000000E+00,0.000000E+00,0.000000E+00,0.000000E+00,0.000000E+00,0.000000E+00,0.000000E+00,0.000000E+00,2.219896E+01,2.229999E+01,2.243698E+01,5.542790E+01,1.403027E+03,0.000000E+00,4.985439E-02,0.000000E+00,0.000000E+00,0.000000E+00,0.000000E+00,0.000000E+00,0.000000E+00,0.000000E+00,0.000000E+00,0.000000E+00,2.219879E+01,2.185456E+01,2.236739E+01,5.703003E+01,3.193455E+03,0.000000E+00,1.134750E-01,0.000000E+00,0.000000E+00,0.000000E+00,0.000000E+00,0.000000E+00,0.000000E+00,0.000000E+00,0.000000E+00,0.000000E+00,2.219890E+01,2.112131E+01,2.234779E+01,5.715571E+01
24:00:00,3.250978E+03,0.000000E+00,1.155181E-01,0.000000E+00,0.000000E+00,0.000000E+00,0.000000E+00,0.000000E+00,0.000000E+00,0.000000E+00,0.000000E+00,0.000000E+00,2.219871E+01,2.186579E+01,2.227499E+01,5.736879E+01,1.634754E+03,0.000000E+00,5.808895E-02,0.000000E+00,0.000000E+00,0.000000E+00,0.000000E+00,0.000000E+00,0.000000E+00,0.000000E+00,0.000000E+00,0.000000E+00,2.219902E+01,2.228161E+01,2.240226E+01,5.527857E+01,3.791384E+03,0.000000E+00,1.347218E-01,0.000000E+00,0.000000E+00,0.000000E+00,0.000000E+00,0.000000E+00,0.000000E+00,0.000000E+00,0.000000E+00,0.000000E+00,2.219896E+01,2.229999E+01,2.235000E+01,5.572187E+01,1.403027E+03,0.000000E+00,4.985439E-02,0.000000E+00,0.000000E+00,0.000000E+00,0.000000E+00,0.000000E+00,0.000000E+00,0.000000E+00,0.000000E+00,0.000000E+00,2.219879E+01,2.185456E+01,2.228166E+01,5.733605E+01,3.193455E+03,0.000000E+00,1.134750E-01,0.000000E+00,0.000000E+00,0.000000E+00,0.000000E+00,0.000000E+00,0.000000E+00,0.000000E+00,0.000000E+00,0.000000E+00,2.219890E+01,2.112131E+01,2.227332E+01,5.741053E+01
Peak,3.250978E+03,2.117609E+03,1.155181E-01,2.094601E-01,0.000000E+00,0.000000E+00,0.000000E+00,0.000000E+00,0.000000E+00,0.000000E+00,0.000000E+00,0.000000E+00,,,,,1.634754E+03,2.031283E+03,5.808895E-02,2.008917E-01,0.000000E+00,0.000000E+00,0.000000E+00,0.000000E+00,0.000000E+00,0.000000E+00,0.000000E+00,0.000000E+00,,,,,3.791384E+03,3.040733E+03,1.347218E-01,3.007336E-01,0.000000E+00,0.000000E+00,0.000000E+00,0.000000E+00,0.000000E+00,0.000000E+00,0.000000E+00,0.000000E+00,,,,,1.403027E+03,1.175205E+03,4.985439E-02,1.162444E-01,0.000000E+00,0.000000E+00,0.000000E+00,0.000000E+00,0.000000E+00,0.000000E+00,0.000000E+00,0.000000E+00,,,,,3.193455E+03,2.851858E+03,1.134750E-01,2.820928E-01,0.000000E+00,0.000000E+00,0.000000E+00,0.000000E+00,0.000000E+00,0.000000E+00,0.000000E+00,0.000000E+00,,,,

Peak Vol Flow (m3/s),,,9.865928E-02,1.788912E-01,,,0.000000E+00,0.000000E+00,,,,,,,,,,,4.961138E-02,1.715734E-01,,,0.000000E+00,0.000000E+00,,,,,,,,,,,1.150603E-01,2.568442E-01,,,0.000000E+00,0.000000E+00,,,,,,,,,,,4.257858E-02,9.927957E-02,,,0.000000E+00,0.000000E+00,,,,,,,,,,,9.691428E-02,2.409239E-01,,,0.000000E+00,0.000000E+00,,,,,,,,
